id, age, sex,E_1,P_2,N_3,L_4,E_5,P_6,N_7,L_8,P_9,E_10,P_11,N_12,L_13,E_14,N_15,L_16,E_17,P_18,N_19,L_20,E_21,P_22,N_23,L_24,E_25,P_26,N_27,L_28,E_29,P_30,N_31,E_32,P_33,N_34,L_35,E_36,P_37,N_38,L_39,E_40,N_41,E_42,P_43,L_44,E_45,P_46,N_47,L_48,E_49,P_50,L_51,E_52,P_53,N_54,L_55,E_56,P_57,N_58,L_59,E_60,P_61,N_62,L_63,E_64,P_65,N_66,P_67,N_68,L_69,E_70,P_71,N_72,L_73,P_74,N_75,P_76,N_77,L_78,P_79,N_80,L_81,E_82,P_83,N_84,L_85,E_86,P_87,N_88,L_89,P_90
    1,16,0,1,0,1,1,1,0,1,1,1,1,1,1,0,0,0,1,1,0,1,0,1,0,0,0,0,0,0,1,0,0,1,1,0,1,0,0,1,1,0,1,1,1,0,1,0,1,1,1,1,0,0,1,1,1,1,0,1,1,1,0,1,1,1,1,0,1,1,1,0,0,1,1,1,0,1,0,1,0,1,1,0,1,1,1,1,0,1,1,0,1
    2,27,0,0,1,1,1,0,1,0,0,1,1,1,1,0,0,0,0, ,1,1,0,0,0,0,0,1,0,0,1,0,0,0,1,0,0,0,1,1,0,1,1,0,0,0,1,1,0,0,1,1,0,1,1,1,0,0,0,0,0,1,0,1,0,1,0,0,0,0,0,0,1,1,0,1,0,0,0,0,0,0,0,1,1,0,0,1,1,1,0,0,0
    3,26,0,0,1, ,0,0,1,1, ,0,0,0,0,0,1,0,0,1,1,0,0,0,0,0,1,1,0,0,1,1,0,0,1,0,0,0,1,1,0,1,1,0,1,0,1,1,0,0,1,1,0,1,1,1,0,0,0,0,0,1,0,1,0,1,0,0,0,0,0,1,1,1,0,1,0,0,0,0,0,0,1,1,1,0,0,1,1,0,1,0,1
    4,26,0,1,0,1,0,0,0,1,1,1,1,1,0,1,1,0,0,1, ,1,0,0,0,0,0,0,0,0,0,1,0,0,0,0,0,0,0,0,0,0,0,0,1,0,1,1,0,0,1,1,0,1,0,1,0,0,0,0,1,1,0,1,1,0,0,0,0,0,0,0,1,1,0,0,0,0,0,0,1,0,0,1,0,0,1,1,1,0,1,1,0
    5,28,0,1,1,1,0,0,1,0,0,1,1,1,1,1,0,0,0,1,1,0,1,1,0,1,0,0,0,0,0,1,0,0,1,0,1, ,0,1,1,0,1,0,1,0,0,0,0,1,0,1,0,0,1,1,0,1,0,1,1,0,0,1,0,0,0,0,0,1,0,1,1,1,0,1,0,0,0,0,0,0,0,1,1,0,0,0,1,0,1,1,1
    6,25,0,0,1,1,1,0,1,1,0,1,0,1,1,1,0,0,0,1,0,0,0,1,0,1,1,0,0,1,0,1,0,1,0,0,0,0,0,1,1,1,0,0,1,0,0,0,0,0,1,0,0,0,0,1,1,1,0,1,1,0,1,1,0,0,0,0,0,0,0,0,0,1,1,0,0,0,0,1,1,0,1,1,0,0,0,1,0,0,1,1,1
    7,26,0,1,1,0,0,0,1,1,0,0,0,1,0,1,1,1,0,0,0,0,0,1,0,0,0,0,0,1,1,1,0,1,1,0,0,1,0,1,1,0,0,0,1,1,1,0,0,1,0,1,0,0,0,1,1,1,0,0,1,0,1,1,0,0,0,0,0,0,1,1,1,1,1,1,0,0,1,0,1,0,0,1,1,1,1,1,0,0,1,0,1
    8,29,0,0,1,0,0,1,1,0,0,0,1,1,0,1,1,0,0,1,1,0,0,0,0,0,1,1,0,0,0,0,0,0,1,0,0,0,0,1,1,1,1,0,0,0,1,1,0,0,1,1,0,1,1,1,0,0,0,1,0,0,1,1,0,0,0,0,0,1,0,0,1,1,0,1,0,0,0,0,0,0,1,1,1,0,1,1,1,0,1,1,1
    9,21,0,0, ,0,1,0, ,0, ,1,1,1,0,1,1,0,0,1,1,1,0,0,0,1,1,0,1,1,0,1,0,1,0,1,0,1,1,1,1,1,1,0,1,0,1,0, ,1,1,1,1,0,0,1,0,1,0,1,0,0,1,1,0,1,0,0,0,1,0,0,1,1,1,1,0,0,0,1,1,0,1,0,0,1,0,1,1,0,1,1,1
   10,21,0,1,1,1,0,0,1,1,0,1,0,1,1,1,1,1,0,1,0,1,1,1,0,1,1,1,0,1,0,0,0,1,1,0,1,1,0,1,0,0,1,0,0,0,1,0,0,0,0,0,0,0,1,1,0,0,0,1,1,0,0,1,0,0,0,0,1,0,0,0,0,1,1,0,1,1,0,1,1,0,0,1,0,0,1,1,1,0,0,1,1
   11,26,0,0,1,1,0,0,0,1,0,0,0,1,0,0,1,0,0,1,1,0,0,1,0,0,0,1,0,0,0,0,0,0,1,0,0,0,1,1,0,1,0,0,1,0,1,0,0,0,1,1,0,0,1,1,0,0,0,0,0,0,0,1,0,0,0,0,0,0,0,0,1,1,0,1,0,0,0,0,1,0,0,1,0,0,1,1,0,0,0,1,0
   12,27,0,1,1,1,0,0,1,1,1,1,1,1,1,1,0,1,0,1,1,1,0,1,0,1,1,1,0,1,0,1,0,1,1,1,1,0,0,1,1,0,1,1,1,0,0,0,1, ,1,0,0,0,1,1,0,1,0,0,1,0,1,1,0,0,0,0,1,0,1,0,0,1,0,0,0,0,0,0,0,0,1,1,0,0,1,1,1,0,1,1,1
   13,28,0,1,1,1,1,1,1,1,0,1,1,1,1,1,1,1,0,1,1,1,0,0,0,0,0,1,1,1,0,0,1,1,1,0,1,0,0,1,1,1,0,0,0,0,1,0,0,1,0,1,0,1,1,1,0,1,0,1,1,0,0,1,0,0,0,1,1,1,1,0,1,1,1,1,0,1,0,0,1,0,1,1,1,0,1,1,1,1,1,1,0
   14,28,0,1,1,1,0,0,1,1,0,1, ,1,0,1,0,0,0,1, ,0,0,0,0,1,1,0,0,1,0,0,0,0,1,0,1,0,0,1,1,0,1,0,1,0,1,0,0,1,1,1,0,1,1,1,0,0,1,1,1,0,1,1,0,0,0,0,0,0,0,0,0,1,0,0,0,0,0,0,1,1,1,1,0,0,1, ,1,0,0,1,0
   15,27,0,0,1,0,0,0,1,0,0,1,0,1,1,1,0,0,0,0,0,0,1,1,0,0,0,0,0,0,0,1,0,1,0,0,1,0,0,0,0,0,0,1,1,0,0,0,0,0,1,1,1,1,0,1,0,0,0,1,1,0,0,1,1,0,0,0,1,1,1,1,0,1,1,0,0,1,0,1,1,0,1,1,0,0,1,1,0,0,0,1,1
   16,25,0,1,1,1,0,0,1,0,0,0,1,1,1,1,1,0,0,1,1,1,1,0,0,0,0,1,0,0,0, ,0,0,0,0,1,0,0,1,1,0,1,0,1,0,0,1,0,1,0,1,0,0,1,1,1,1,0,1,1,0,1,1,0,0,0,1,0,0,0,0,1,1,1,1,0,0,1,0,1,0,1,0,1,0,0,1,1,0,0,1,1
   17,27,0,0,1,0,0,0,1,1,0,0,1,1,1,1,1,0,0,1,1,1,1,0,0,0,1,0,0,0,1,1,0,0,1,0,0,1,1,1,0,0,1,0,0,0,0,1,0,0,1,1,0,1,1,1,0,1,1,1,0,0,0,1,0,1,1,0,0,1,0,0,1,1,1,1,0,0,0,0,1,1,1,1,1,0,1,1,1,0,1,1,1
   18,25,0,1,1,1,1,1,1,1,0,1,1,1,1,0,1,0,0,1,1,1,0,0,0,0,1,0,0,1,1,1,0,0,1,0,0,0,0,1,1,1,0,0,0,0,0,0,0,1,0,1,0,1,0,1,0,1,0,1,1,0,1,1,0,0,0,0,0,1,0,0,0,1,0,1,0,0,0,1,1,0,1,1,1,0, ,1,1,0,1,1,0
   19,23,0,1,1,1,1,0,1,0,1,1,1,1,1,1,0,1,0,1,0,1,0,1,0,0,1,0,0,0,1,0,0,0,1,0,0,0,0,1,1,1,1,0,1,0,1,0,0,1,1,0,0,0,1,1,0,1,1,0,1,1,0,1,0,0,1,0,0,1,1,0,0,1,0,1,0,1,0,1,1,0,1,1,0,0,1,1,0,0,1,1,1
   20,24,0,1,1,0,1,0,0,0,1,1,1,1,1,1,0,0,0,1,1,0,1,1,0,0,0,1,0,0,0,1,1,0,1,0,1,1,0,1,1,0,1,0,1,0,0,0,0,0,0,1,1,0,1,1,1,1,1,1,0,0,1,1,0,0,1,0,1,1,1,0,1,1,1,1,0,0,1,1,1,0,0,0,0,0,0,0,1,1,1,1,1
   21,22,0,0,1,1,1,0,1,1,0,1,1,1,1,1,0,0,0,0,0,1,0,1,0,1,0,1,0,1,0,0,0,1,0,0,1,0,1,1,1,0,0,0,1,0,1,0,1,1,1,1,0,1,0,1,1,1,0,1,1,0,0,1,0,0,0,0,1,1,0,0,0,1,1,1,0,0,0,1,0,1,1,1,1,1,0,1,0,0,0,1,1
   22,22,0,0,1,1,1,0,0,0,1,1,1,1,0,1,1,0,0,1,1,0,1,0,0,0,0,0,0,0,0,1,0,0,1,0,0,1,1,1,1,1,1,0,1,0,1,1,1,1,0,1,1,0,0,1,0,1,1,1,0,0,1,1,0,1,0,1,1,1,0,0,1,1,1,1,0,1,1,0,1,0,0,0,0,0,1,1,0,1,0,1,1
   23,23,0,1,1,1,0,0,1,0,0,1,0,1,1,0,1,1,0,1,0,1,1,1,1,0,0,0,0,0,0,1,0,0,1,0,0,0,0,1,1,0,1,0,1,0,0,0, ,0,0,1,0,0,1, ,1,1,0,0,1,0,1,1,0,0,1,0,0,1,0,0,0,0,1,0,0,0,0,0,1,0,1,1,0,0,0, ,1,0,0,0,1
   24,21,0,0,1,0,1,1,1,1,1,0,1,1,1,1,1,0,0,1,1,1,0,1,0,0,1,0,0,1,1,0,0,0,1,0,0,0,1,1,1,0,1,0,0,0,1,0,0,0,1,1,0,1,1,1,0,0,1,0,0,1,1,1,0,1,0,0,1,0,1,0,1,1,0,1,0,0,0,0,1,0,0,1,1,0,1,1,1,0,1,1,0
   25,21,0,0,0,1,0,1,1,0,1,0,1,0,1,1,1,0,0,1,0,1,0,1,0,1,1,0,0,1,1,1,0,1,1,0,0,0,1,1,1,0,0,0,1,0,1,1,0,0,1,1,0,1,1,1,0,1,1,1,0,1,1,1,1,1,1,0,1,1,0,0,1,1,1,1,0,0,0,0,0,1,1,1,1,0,1,1,1,0,1,1,0
   26,22,0,1,1,1,0,0,1,1,0,1,1,1,1,1,0,0,0,1,1,1,0,1,0,1,0,0,0,1,1,0,0,1,0,0,1,1,0,1,1,1,0,0,1,0,0,1,0,1,0,1,0,1,1,1,0,1,0,0,1,1,1,1,0,0,1,0,1,1,0,0,1,1,1,1,0,0,1,0,1,0,1,1,1,0,1,1,0,0,1,0,1
   27,21,0,1,1,1,1,1,1,1,1,1,1,1,1,1,1,0,0,1,1,1,0,0,0,1,1,0,0,1,1,1,0,0,1,0,0,1,1,1,0,1,1,0,0,0,1,1,0,0,1,1,0,1,1,1,0,1,1,1,1,1,0,1,0,1,1,0,1,0,1,1,1,1,1,1,0,0,0,0,1,0,1,1,1,0,0,1,1,0,1,1,1
   28,23,0,0,1,1,1,0,0,1,1,1,1,1,1,1,0,1,1,1,0,1,0,0,1,1,0,0,0,1,1,1,1,1,0,0,1,1,0,1,1,0,1,0,1,0,1,0,0,0,1,0,1,0,0,1,1,1,1,1,1,0,0,1,1,0,0,1,0,1,1,0,1,1,1,1,0,1,0,1,0,0,1,0,0,0,1,1,0,0,0,1,1
   29,21,0,1,1,0,1,1,1,1,0,1,1,1,1,1,1,0,1,1,1,0,0,0,0,0,1,1,0,0,0,1,0,0,1,0,0,0,1,1,1,1,1,0,0,0,1,1,0,0,1,1,0,1,1,1,0,0,1,0,0,1,0,1,0,1,1,0,0,1,0,0,1,1,0,1,0,1,0,0, ,1,1,1,0,0,1,1,1,0,1,1,1
   30,23,0,1,1,1,0,1,0,1,0,0,1,1,1,1,1,0,0,1,1,1,0,0,0,0,1,1,0,1,1,0,0,0,1,0,1,1,1,1,1,1,1,0,0,0,1,1,1,1,1,1,0,0,1,0,1,1,0,1,1,1,1,1,0,1,1,0,0,1,0,0,1,1,0,1,0,0,0,0,1,1,0,1,1,0,1,1,1,0,1,1,1
   31,22,0,1,1,0,0,0,0,0,0,1,1,1,0,1,0,0,0,1,1,0,1,1,0,0,0,0,0,0,0,1,0,0,1,1,0,0,0,1,0,0,0,0,1,0,0,0,0,0,0,1,0,0, ,1,0,1,1,1,1,0,1,1,0,0,1,0,0,0,0,0,1,1,0,0,0,0,0,0,1,1,0,1,0,0,0,1,0,0,0,1,0
   32,30,0,0,1,0,0,0,1,1,0,1,0,0,1,1,0,1,0,1,0,1,0,1,0,0,1,0,0,1,0,1,0,1,0,0,1,1,0,1,1,0,0,0,1,0,1,0,0,0,1,1,0,0,1,1,0,0,0,0,1,0,1,1,0,0,0,0,0,0,0,0,0,1,0,1,0,0,0,1,0,0,1,1,0,0,1,1,0,0,1,1,1
   33,30,0,0,1,0,0,0,1,0,0,1,1,1,0,1,1,0,0,1,1,1,1,1,0,0,0,0,0,0,0,0,0,0,1,0,0,1,0,1,0,0,0,0,1,0,0,0,0,1,0,0,0,0,1,1,0,1,0,1,0,0,1,1,0,0,1,0,0,0,0,0,1,1,1,0,0,0,0,0,1,0,0,0,1,0,0,0,1,0,0,1,1
   34,21,0,1,1,1,1,0,0,1,0,1,1,1,1,1,1,0,1,1,1,1,1,1,0,0,0,0,0,1,1,1,0,0,1,0,1,1,0,1,1,1,1,0,1,0,1,1,0,1,1,0,1,0,0,1,0,1,1,1,1,0,1,1,0,1,1,0,0,1,1,1,1,1,1,1,0,0,1,1,1,1,1,1,1,0,0,1,1,0,1,1,1
   35,23,0,0,0,1,1,1,1,1,1,1,1,1,1,1,0,1,0,0,1,1,0,1,0,1,1,0,0,1,1,1,0,0,1,0,0,1,0,1,1,0,1,0,1,0,1,0,0,0,1,0,0,0,1,1,0,0,0,1,1,1,0,1,0,1,0,0,0,0,0,0,0,1,0,1,0,1,0,0,0,0,1,1,1,0,1,1,1,0,1,0,1
   36,24,0,0,1,1,0,1,1,1,0,1,1,1,0,1,1,0,1,1,1,0,1,0,0,1,0,1,0,0,1,1,0,0,1,0,0,0,0,1,0,1,0,0,0,0,1,1,0,0,1,1,0,0,1,1,0,1,1,1,1,0,1,1,0,0,1,0,0,1,0,0,1,1,0,1,0,0,0,0,1,0,1,0,1,0,1,1,1,0,1,1,1
   37,22,0,1,1,1,0,0,1,1,0,1,1,1,0,0,0,0,0,1,0,1,0,1,0,0,1,1,0,0,0,0,0,0,0,0,0,0,0,1,1,1,1,0,1,0,1,0,0,1,1,0,0,1,1,1,1,0,0,0,1,0,0,1,1,1,0,0,0,1,1,1,1,1,0,1,1,0,0,0,1,1,1,1,1,0,1,1,1,0,1,1,1
   38,25,0,0,1,1,0,0,1,1,1,0,1,1,1,1,0,0,0,1,1,1,0,1,0,0,1,1,0,1,0,0,0,1,1,0,1,1,0,1,1,1,1,1,1,0,1,1,0,1,1,1,1,0,1,1,0,0,0,0,0,0,1,1,1,0,1,0,0,1,1,1,0,1,1,1,0,1,0,1,1,0,1,1,1,0,0,1,1,0,1,1,1
   39,23,0,1,1,1,1,1,1,1,1,1,1,1,1,0,1,0,1,1,0,0,0,0,0,0,1,1,0,1,1,0,0,0,1,0,0,0,0,1,1,1,1,0,0,0,1,1,0,1,1,1,0,1,1,1,0,0,1,1,0,1,0,1,1,0,0,0,0,1,0,0,1,1,0,1,1,0,0,1,0,0,0,1,1,0,1,1,1,0,0,1,1
   40,25,0,0,0,1,0,1,0,1,1,0,1,1,1,1,1,1,0,0,1,0,0,1,0,0,0,0,0,1,1,0,0,0,1,0,0,0,1,1,0,0,1,0,0,0,1,1,1,0,1,1,0,0,1,1,1,1,0,0,1,0,1,1,0,1,1,0,0,1,0,0,1,1,0,1,0,0,0,0,1,0,1,1,1,1,1,1,1,0,1,1,1
   41,23,0,1,1,0,0,0,1,0,1,0,0,1,1,1,1,1,1,1,0,1,0,1,0,0,1,0,0,1,0,1,0,0,0,0,1,1,0,1,1,1,0,0,1,0,0,0,0,0,1,1,0,0,0,1,0,1,0,1,0,1,0,1,0,0,0,0,1,1,0,0,0,1,1,1,0,0,0,0,1,0,1,1,1,0,0,1,0,0,1,1,1
   42,25,0,1,1,0,0,1,0,0,1,1,1,1,1,1,1,0,1,1,0,1,0,0,0,0,1,1,0,1,1,0,0,0,1,0,0,0,1,1,1,1,1,0,0,0,1,1,0,1,1,1,0,1,1,1,0,1,1,0,1,1,1,1,0,1,0,0,0,1,0,1,1,1,0,1,0,0,0,0,1,0,1,1,1,0,1,1,1,0,0,0,1
   43,40,0,0,1,1,0,1,1,0,0,1,1,1,1,1,0,0,0,1,0,1,0,1,0,1,0,0,1,0,1,1,0,0,0,0,1,0,1,1,0,0,1,0,1,0,1,0,1,1,0,0,0,1,1,1,0,1,0,1,1,1,0,1,1,0,0,0,0,1,0,0,1,1,0,1,0,0,1,1,0,0,1,1,0,0,1,1,1,0,1,1,1
   44,37,0,1,1,0,1,0,0,1,0,1,1,1,1,1,0,0,0,1,0,1,1, ,0,0,0,1,0, ,0,0,0,0,1,0,1,1,0,1,1,0,0,0,1,1,1,0,0,1,0,0,0,1,1,1,0,1,1,1,0,0,1,1,0,0,1,1,1,1,1,0,1,0,1,0,0,0,0,0,0,1,1,1,0,0,1,0,1,0,1,1,1
   45,32,0,1,1,1,0,0,1,0,0,0,1,1,0,1,1,0,0,1,0,0,0,0,0,0,1,1,0,0,0,1,0,0,1,1,0,1,1,1,1,0,1,0,0,0,1,0,1,1,1,1,0,0,1,1,0,0,1,0,0,1,0,1,0,0,1,0,0,1,0,1,1,1,0,0,0,0,0,0,1,1,0,1,1,0,1,1,1,0,1,1,1
   46,31,0,0,1,0,0,0,1,1,0,1,1,1,1,1,1,0,0,1,1,1,1,0,0,0,0,1,0,1,0,0,0,0,1,0,0,1,0,1,0,0,1,0,1,0,0,0,0,0,0,0,0,0,1,1,0,1,1,1,0,0,1,1,1,0,1,0,1,0,0,1,1,1,1,0,0,0,0,0,0,0,1,0,1,1,0,0,1,0,1,1,0
   47,40,0,1,1,1,0,0,1,0,0,1,1,1,1,1,1,0,0,1,0,1,0,1,0,1,0,1,0,1,0,0,0,0,1,1,1,0,1,1,1,1,1,0,1,0,1,1,0,1,0,1,0,0,1,1,0,1,1,1,1,0,1,1,0,0,0,1,0,1,1,0,1,1,0,0,0,0,1,0,0,0,1,0,1,0,1,1,0,1,1,0,1
   48,38,0,0,1,1,1,1,0,1,0,1,0,1,1,1,1,0,0,0,0,0,0,0,0,1,0,0,0,1,0,1,0,1,0,0,1,0,1,1,1,0,0,0,0,0,0,1,0,1,1,1,0,0,0,1,1,1,0,1,1,0,1,1,1,0,0,0,0,1,0,0,0,1,1,0,0,1,0,0,0,0,1,1,0,0,1,1,0,0,1,1,1
   49,42,0,0,1,1,0,0,1,1,0,1,1,1,1,1,1,0,0,0,0,1,1,1,0,1,0,0,0,1,0,1,0,1,1,0,1,1,0,1,1,0,0,1,1,0,0,0,0,1,0,0,0,0,1,1,0,0,0,1,0,0,0,1,0,0,0,0,0,1,0,0,1,1,0,0,0,0,0,0,1,0,1,0,1,0,1,1,1,0,0,1,1
   50,42,0,1,1,1,1,0,1,0,0,1,0,1,0,1,0,0,0,1,0,1,0,1,0,0,0,0,0,0,0,0,0,0,0,0,0,1,0,1,1,0,0,0,1,0,0,0,0,0,0,0,0,0,0,1,0,1,1,1,0,0,0,1,0,0,0,0,0,0,0,0,1,1,0,1,0,0,1,0,1,0,1,1,0,0,0,1,0,0,0,1,1
   51,35,0,0,1,0,0,0,1,1,0,1,0,1,1,1,0,1,0,1,1,0,0,1,0,0,1,1,0,0,1,1,0,0,1,0,1,0,0,1,1,0,0,0,1,0,0,0,0,0,1,0,0,1,0,1,0,1,0,1,1,0,1,1,1,0,0,0,0,0,0,0,1,1,0,1,0,0,0,0,0,0,0,1,0,0,1,1,0,0,0,1,0
   52,33,0,1,1,1,0,0,1,1,0,1,1,1,0,1,0,0,0,1,1,1,0,1,0,0,1,1,0,0,0,1,0,0,1,0,0,0,1,1,0,1,0,0,1,0,1,0,0,0,1,1,0,1,1,1,0,0,0,1,0,1,0,1,0,1,0,0,0,0,0,0,0,1,0,1,1,0,0,0,1,0,1,1,0,0,0,1,0,0,1,1,1
   53,40,0,1,1,1,0,0,0,1,1,1,0,1,1,1,0,0,1,0,1,1,1,0,0,1,0,0,0,1,0,1,0,1,0,0,1,0,0,1,1,1,0,0,1,0,1,1,0,1,0,0,1,0,1,1,1,1,0,0,1,0,1,1,1,0,0,0,0,1,1,0,0,1,1,1,0,1,1,1,1,0,1,0,0,0,1,1,0,0,1,1,1
   54,43,0,0,1,1,0,0,1,1,0,1,1,1,1,0,0,1,1,1,1,1,1,1,0,0,1,0,0,1,0,1,1,0,0,0,0,0,1,1,0,1,1,0,1,0,1,0,1,1,1,0,0,1,1,1,1,1,0,1,1,1,1,1,0,1,0,0,1,1,0,0,1,0,1,1,0,0,1,1,0,0, ,0,1,1,1,1,0, ,1,1,1
   55,44,0,1,1,1,0,1,1,0,0,1,1,1,1,1,1,0,0,1,1,0,1,0,0,0,0,0,0,0,0,0,0,0,1,0,0,0,1,1,0,1,1,0,0,0,1,1, ,0,0,1,0,1,1,1,0,1,1,0,1,0,1,1,0,0,0,0,0,0,1,1,1,0,0,0,0,0,0,0,1,0,0,1,0,0,0,1,1,0,0,1,1
   56,20,0,0,1,1,0,0,1,1,1,1,0,1,1,0,0,1,1,0,1,1,0,1,0,1,1,0,0,1,0,1,1,1,0,0,1,0,0,1,1,1,0,0,1,0,1,0,0,1,1,0,0,1,0,1,0,1,0,0,1,0,0,1,1,1,1,1,1,0,1,0,0,1,1,1,0,1,1,0,1,1,1,1,0,0,1,1,0,0,1,0,1
   57,20,0,1,1,1,0,0,1,1,1,1,1,1,1,1,1,1,1,0,1,1,0,1,0,1,1,1,0,1,0,0,0,0,1,0,1,0,1,1,1,1,0,0,1,0,1,0,0,1,1,1,0,1,0,1,0,1,0,0,1,0, ,1,1,1,0,0,0,0,1,0,0,1,1,1,0,0,0,1,1,0,1,1,1,0,1,1,0,0,1,1,1
   58,20,0,1,1,1,1,1,1,0,0,1,1,1,0,1,1,1,0,1,0,1,1,1,0,1,1,1,0,1,0,0,0,0,1,0,1,1,1,1,1,0,0, ,1,0,1,0,1,0,1,1,0, ,1,1,1,1,1,1,0,0,1,1,0,0,0,0,1,0,0,1,1,1,1,1,0,0,0,0,1,0,0,1,1,0,1,0,1,0,0,1,1
   59,20,0,1,1,1,1,0,1,1,0,1,1,1,1,1,1,1,0,1,0,1,0,1,0,0,0,0,0,0,0,0,0,1,1,0,0,1,0,1,1,0,0,1,1,0,0,0,1,0,0,1,0,0,0,1,0,1,0,0,1,0,1,1,1,1,0,0,0,0,1,1,1,1,0,1,0,1,0,0,0,0,1,1,1,0,1,0,1,1,0,1,0
   60,20,0,1,1,0,1,0,1,1,1,1,1,0,1,0,0,0,0,1,1,1,0,1,0,0,0,0,0,1,0,0,0,1,0,0,1,1,1,1,1,0,0,0,1,1,1,1,0,0,1,1,1,1,0,1,0,1,0,0,1,0,0,1,1,0,0,0,1,1,1,0,0,1,1,0,0,1,0,1,1,0,1,1,0,1,0,0,1,0,1,1,1
   61,20,0,0,1,1,1,0,1,1,1,0,1,1,1,1,0,1,0,0,1,1,0,1,0,1,1,0,0,1,1,1,0,1,1,0,1,0,0,1,1,1,0,0,1,0,1,0,0,0,1,1,0,1,0,1,0,0,0,0,1,1,0,1,1,1,1,0,1,0,0,0,1,1,1,0,0,0,0,1,0,1,1,1,0,0,1,1,1,0,1,1,1
   62,20,0,1,0,0,1,0,0,1,0,0,1,0,0,0,1,0,0,1,0,1,0,1,0,1,0,0,0,1,0,1,0,1,0,0,1,0,0,1,1,1,0,1,1,0,1,1,0,1,0,1,1,1,0,1,0,1,1,0,0,0,0,1,1,1,0,0,0,1,1,0,0,1,1,1,0,1,0,1,1,0,1,1,0,0,1,1,0,0,1,1,1
   63,20,0,1,1,1,0,1,0,1,1,1,1,1,1,1,0,0,0,1,0,0,0,1,0,0,0,1,0,0,1,0,0,0,1,0,0,0,1,1,0,1,0,0,0,0,1,1,0,0,1,1,0,1,1,1,0,0,0,0,0,1,1,1,0,1,0,0,1,0,0,1,1,1,0,1,1,0,0,1,1,0,1,1,1,0,1,1,1,0,0,1,1
   64,20,0,1,1,1,1,1,1,1,1,1,1,1,1,0,0,0,1,1,0,1,0,0,0,1,1,0,0,1,1,0,0,0,1,0,0,0,0,1,1,1,0,0,0,0,1,0,0,1,1,1,0,0,0,0,0,0,0,0,1,0,0,1,0,1,1,0,1,0,1,1,0,1,1,1,0,0,1,1,0,0,0,1,0,0,1,1,1,0,1,0,1
   65,20,0,1,1,1,1,0,1,1,1,1,0,1,1,1,0,1,0,1,0,1,0,0,0,1,0,1,0,1,1, ,0,1,1,0,1,1,0,1,1,1,1,1,0,0,0,0,1,1,1,1,0,1,1,1,1,1,0,1,1,0,1,1,1,1,0,0,0,1,0,0,0,1,1,1,1,1,0,1,1,1,1,1,1,0,1,1,1,1,1,0,1
   66,20,0,1,1,1,1,0,1,1,1,1,1,1,1,1,1,0,1,1,0,1, ,1,0,0,0,1,0,1,0,0,1,1,1,0,1,0,0,1,0,1,1,1,1,0,1, ,0,1,1,1,0,1,1,1,1,1,0,1,0,1,1,1,0,1,1,0, ,0,1,1, ,1,0,1,0,0,0,0,0,0,1,0,1,0,0,1,1,1,1,1,0
   67,20,0,1,1,0,0,0,1,1,1,1,1,1,1,0,1,0,1,1,1,0,0,0,0,1,1,0,0,0,1,0,0,1,1,0,1,0,0,1,1,1,1,0,1,0,1,0,0,0,1,1,0,0,1,1,0,0,0,1,1,1,0,1,0,1,0,0,0,1,0,1,1,1,1,1,0,0,0,0,0,1,1,1,0,0,1,1,0,0,1,1,1
   68,20,0,1,0,1,0,0,1,1,0,1,1, ,1,1,1,0,0,1,1,1,1,0,0,1,0,1,0,1,0,0,0,1,1,0,1,0,0,1,1,1,1,0,0,0,0,0,0,1,0,1,0,1,1,1,0,1,0,0,1,0,1,1,1,0,1,0,0,0,0,0,0,1,0,0,0,0,1,1,0,0,1,0,1,0,0,0,1,0,0,1,1
   69,20,0,1,1,1,1,1,1,1,1,1,1,1,1,1,1,0,0,1,1,1,0,0,0,1,0,1,0,1,1,0,0,0,1,0,1,0,1,1,1,1,1,1,0,0,0,1,0,1,1,1,0,0,1,1,0,0,0,1,1,1,1,1,1,1,1,1,1,1,0,1,1,1,1,1,0,1,0,1,1,0,1,1,1,1,1,1,1,0,1,0,1
   70,20,0,0,1,0,0,0,1,0,0,1,1,1,1,1,1,0,0,1,1,0,1,1,0,0,0,1,0,0,0,1,0,0,1,0,0,0,0,1,0,0,0,0,0,0,1,0,0,1,1,1,0,0,1,1,0,1,0,0,1,1,1,1,1,1,1,1,0,0,1,1,0,1,0,1,0,0,0,1,1,0,0,1,1,0,1,1,0,0,0,1,0
   71,20,0,1,1,1,0,0,1,1,0,1,1,1,1,1,1,0,0,1,0,1,1,0,0,1,1,1,0,1,1,1,0,0,1,0,1,0,1,1,0,1,0,1,1,0,1,1,0,1,1,1,1,1,1,1,0,0,0,0,1,0,1,1,0,0,1,0,1,1,0,0,1,1,0,1,0,1,0,1,1,0,1,1,1,0,1,1,1,0,1,1,1
   72,19,0,1,1,1,1,0,1,0,0,1,1,1,0,0,1,0,0,1, ,1,0, ,0,0,0,1,0,1,1,0,0,1,1,0,1,0,0,1,1,1,1,1,1,0,1,1,0,1,1,1,0,1,1,1,0,1,0,1,0,0,1,1,1,0,0,0,1,1,0,0,1,1,1,1,0,0,0,1,0,0,1,1,1,1,1,1,1,0,0,0,1
   73,19,0,0,0,1,0,1,1,1,0,1,1,1,1,1,1,1,0,1,0,0,0,1,1,0,1,0,0,1,0,1,0,0,1,0,0,0,1,1,1,0,1,0,0,0,1,1,0,1,0,1,0,1,1,1,1,1,0,1,1,0,1,1,1,1,1,1,0,0,1,0,1,1,0,1,0,0,0,0,1,0,0,1,1,0,0,1,1,0,1,1,1
   74,19,0,1,0,0,1,1,0,0,0,1,1,1,0,1,0,0,1,1,0,0,1,1,0,1,0,1,0,0,0,1,0,0,1,0,1,0,1,1,0,0,1,0,0,0,0,0,1,0,0,1,0,0,1,0,1,1,0,1,1,0,0,1,1,0,1,0,1,1,0,0,1,1,0,1,0,0,0,0,0,1,0,0,1,0,1,0,1,1,1,1,1
   75,19,0,0,1,0,1,0,1,1,1,1,1,1,1,1,0,0,1,1,1,0,0,0,0,1,1,0,0,0,1,1,0,0,1,0,0,0,0,1,0,0,0,0,1,0,1,0,0,1,1,1,0,0,1,1,0,0,0,1,0,1,0,1,0,1,1,0,1,1,0,1,0,1,0,1,0,0,0,0,1,1,0,1,1,0,0,1,0,0,0,0,1
   76,19,0,1,1,1,1,1,1,1,1,1,1,1,1,0,0,1,1,1,1,1,0,0,0,0,1,1,0,1,1,0,0,1,1,1,0,0,0,1,1,1,1,0,0,0,1,0,0,1,1,1,0,1,1,1,0,1,0,0,0,1,1,1,0,1,0,0,0,1,0,0,0,1,1,1,1,0,0,0,0,1,0,1,0,0,0,1,1,0,1,0,1
   77,19,0,1,1,1,1,0,1,0,1,1,1,1,1,1,1,0,0,1,1,1,1,1,0,1,0,0,0,1,0,1,0,1,1,0,0,0,0,1,1,1,1,0,1,0,1,0,1,0,1,1,0,1,1,0,0,1,1,1,1,1,0,1,1,1,0,1,1,1,1,0,1,1,1,1,0,0,1,1,0,0,0,1,1,0,1,1,0,1,1,1,1
   78,19,0,1,0,1,0,0,1,1,0,1,1,1,0,1,1,0,0,1,1,1,1,0,0,0,0,1,0,1,0,0,0,0,1,1,0,0,1,1,1,0,1,0,0,0,0,0,1,0,0,1,0,1,1,0,1,1,1,1,0,1,1,1,0,0,1,0,0,1,0,1,1,1,0,1,1,0,0,0,0,1,1,1,1,0,1,0,1,1,0,1,0
   79,19,0,0,1,0,1,1,1,0,0,1,1,1,1,1,0,0,1,0,1,1,1,1,0,0,0,0,0,0,0,0,0,1,1,1,1,1,0,1,1,0,1,1,1,0,0,1,0,1,0,1,0,0,1,1,0,1,1,0,0,0,0,1,0,1,0,0,0,1,1,0,1,1,1,1,0,0,1,0,1,1,1,1,0,0,1,0,1,0,0,1,1
   80,19,0,1,1,1,1,1,1,0,0,1,1,1,1,1,1,1,0,1,1,1,0,1,0,1,1,1,0,1,0,1,0,1,1,1,1,0,1,1,1,1,1,0,0,0,1,0,0,1,0,1,0,1,1,1,1,1,0,1,1,0,1,1,0,0,0,0,1,0,0,0,1,1,1,1,0,1,0,0,1,1,0,1,1,0,1,1,1,0,1,1,1
   81,19,0,1,1,1,1,0,1,0,1,1,0,1,1,1,1,1,1,1,1,1,1,1,0,0,1,0,0,1,1,0,0,1,1,0,1,1,1,1,1,0,1,1,1,0,1,0,0,1,1,1,0,1,1,1,0,1,0,1,1,1,0,1,0,0,0,0,0,0,0,1,1,1,1,1,0,1,0,0,1,1,1,1,1,0,1,1,1,0,1,1,1
   82,19,0,1,1,0,1,0,1,0,0,1,1,1,1,1,0,0,0,1,0,1,1,1,0,0,1,0,0,0,0,0,0,1,1,0,1,1,1,1,1,0,0,0,1,0,1,1,0,1,1,0,0,1,0,0,0,1,1,0,0,1,1,1,0,1,0,0,1,0,1,0,1,1,0,1,0,0,0,1,1,0,0,1,0,0,1,1,0,0,0,1,1
   83,19,0,0,0,1,1,0,1,0,1,1,1,1,1,1,0,0,1,1,1,1,1,0,0,0,0,0,0,0,1,1,0,1,1,0,0,0,1,1,0,0,0,0,1,0,1,1,1,0,1,0,0,1, ,1,1,1,1,1,1,0,1,1,0,1,1,1,0,1,1,1,0,1,1,1,0,1,0,1,1,0,0,1,0,0,1,1,1,0,0,1,1
   84,18,0,1,1,1,1,0,0,0,1,1,1,1,1,1,1,1,1,1,0,1,1,0,0,1,0,1,0,0,0,0,1,1,0,0,0,0,0,1,1,0,1,0,1,0,1,0,0,0,1,1,0,0,1,1,1,1,1,1,0,0,1,1,1,0,0,1,0,1,1,0,1,1,0,1,1,1,1,1,0,0,1,0,1,0,1,1,0,1,1,0,1
   85,18,0,1,1,0,1,1,1,0,1,0,1,1,0,0,1,0,1,1,1,1,1,0,0,0,1,1,0,1,0,1,0,0,1,1,0,0,1,1,0,1,0,0,0,0,1,0,0,1,1,1,0,1,1,1,0,1,1,0,0,1,1,1,1,1,0,0,0,1,1,0,1,1,0,1,0,1,0,0,1,1,0,1,1,0,1,1,1,0,1,1,0
   86,18,0,1,1,1,1,1,1,0,0,1,0,1,1,1,1,1,1,1,0,1,0,1,0,1,1,1,0,1,1,0,0,1,1,0,1,0,0,1,1,1,1,1,1,0,1,0,0,1,1,1,0,0,1,1,0,1,0,1,1,1,0,1,0,0,0,0,1,1,1,0,1,1,1,1,0,1,0,1,0,1,0,1,0,0,1,1,0,1,1,1,1
   87,18,0,1,1,1,1,0,1,1,1,1,1,1,1,1,1,0,0,1,1,1,0,0,0,1,1,0,0,1,1,1,0,1,1,1,1,0,0,1,1,1,0,1,1,0,1,1,0,0,1,1,0,0,1,1,0,1,0,0,1,0,0,1,0,1,0,0,1,0,1,1,0,1,1,1,0,1,1,0,0,0,1,1,1,1,1,1,1,0,1,1,1
   88,18,0,0,1,1,1,1,0,1,0,1,0,1,1,1,0,0,0,1,0,1,1,0,0,0,1,0,0,1,0,0,0,1,1,1,1,0,0,1,1,1,0,0,0,0,1,0,0,0,1,1,0,0,1,1,1,1,1,0,0,1,1,1,1,1,0,0,0,0,1,1,1,1,1,1,0,0,0,1,1,0,0,1,1,0,1,1,1,0,0,0,1
   89,18,0,0,0,1,1,1,0,1,1,1,1,0,1,0,1,0,0,1,0,0,0,0,1,0,0,1,0,0,1,1,0,1,1,1,0,0,1,1,1,0,1,1,0,0,1,0,0,1,0,1,1,1,1,1,1,1,0,1,1,1,1,1,0,0,0,0,0,1,1,1,1,1,1,1,0,1,0,0,1,0,0,1,1,0,1,1,1,0,1,1,0
   90,18,0,0,1,1,0,0,1,1,1,1,1,1,1,1,1,1,1,1,1,1,0,1,0,1,1,0,0,1,1,0,0,1,1,0,1,0,0,1,1,1,0,1,1,0,1,0,0,1,1,1,0,1,1,1,1,1,0,0,1,0,0,1,1,0,0,0,1,0,1,0,0,1,1,1,1,0,0,1,0,1,1,1,1,0,1,1,0,0,1,1,1
   91,18,0,1,1,1,0,1,1,1,1,1,1,1,0,0,1,1,0,1,1,0,0,0,0,1,1,1,0,1,0,0,0,0,1,0,1,0,1,1,1,1,1,0,0,0,1,0,1,1,1,1,0,1,1,1,0,1,0,0,1,1,1,1,0,1,0,0,1,1,0,1,0,1,0,0,0,0,0,0,1,0,0,0,0,0,1,1,1,0,1,0,1
   92,18,0,0,1,1,0,0,1,1,1,1,1,1,1,0,0,0,1,1,1,1,0,1,0,1,1,0,0,1,0,1,0,1,1,0,0,0,0,1,0,1,1,0,0,0,1,0,0,1,1,1,0,1,1,1,1,1,0,0,1,1,1,1,1,1,0,0,1,1,1,1,1,1,1,1,0,0,0,0,0,0,0,1,1,0,1,1,1,0,1,0,1
   93,18,0,1,1,0,0,1,1,0,1,1,1,1,1,1,1,0,1,1,1,0,1,1,0,0,0,1,0,1,0,0,0,0,1,0,1,0,0,1,1,0,1,0,0,0,1,0,0,1,1,1,0,0,1,0,0,1,0,0,0,1,1,1,0,1,1,0,1,0,0,1,1,1,0,1,0,0,0,0,1,0,0,1,0,0,0,1,1,0,1,1,1
   94,18,0,1,1,1,0,1,1,0,0,1,0,1,0,1,0,0,0,1,1,1,0,0,0,1,1,0,0,1,0,0,0,1,1,0,0,0,0,1,1,0,1,0,0,0,0,0,0,0,1,1,0,0,1,1,0,1,1,0,0,0,0,1,0,0,0,1,1,0,1,0,1,1,1,0,0,0,0,1,1,0,1,0,1,0,1,1,0,1,1,1,1
   95,18,0,0,1,1,0,0,1,1,0,1,1,1,1,0,1,0,1,1,1,1,0,0,0,0,1,1,0,1,0,0,0,0,1,1,0,1,0,1,0,0,1,0,0,0,1,1,0,1,1,1,0,0,1,1,0,1,1,1,1,1,1,1,0,1,1,0,0,1,1,0,1,1,1,1,0,0,0,0,0,0,1,1,1,0,0,0,1,0,0,1,1
   96,18,0,0,1,0,1,1,1,1,0,1,1,1,1,0,0,0,1,1,1,1,0,1,0,0,1,1,0,0,0,0,0,1,0,0,1,0,0,1,1,1,1,0,1,0,1,0,0,1,1,1,0,1,1,1,0,0,0,0,0,0,0,1,0, ,0,0,0,0,0,1,0,1,0,1,0,0,0,0,0,1,1,1,1,0,1,1,1,0,1,0,1
   97,18,0,1,1,1,0,0,0,0,0,1,1,1,1,1,1,1,0,1,1,0,1,0,0,0,0,1,0,1,0,1,0,0,1,0,1,1,1,1,1,0,1,1,1,0,0,0,1,1,0,1,1,1,1,1,0,1,1,1,0,0,1,1,0,0,1,0,1,1,0,0,1,1,1,1,0,0,0,1,1,0,0,1,1,0,0,0,1,0,0,1,1
   98,18,0,1,1,1,1,0,1,1,0,1,1,1,1,0,0,0,1,1,1,0,0,0,0,0,1,0,1,1,1,1,0,0,0,0,1,0,1,1,1,1,1,0,0,0,1,1,0,1,1,1,0,1,1,1,0,1,0,1,1,1,1,1,0,1,0,0,0,0,0,0,1,1,0,1,0,0,0,1,0,1,0,0,1,0,0,1,0,0,1,1,1
   99,18,0,0,1,1,1,0,1,1,0,1,0,1,1,0,0,0,0,1,0,0,0,1,0,0,0,0,1,1,0,0,0,1,0,0,1,1,0,1,1,0,0,0,1,0,0,0,0,0,1,0,1,0,1,1,0,0,0,0,1,1,0,1,1,0,0,1,0,0,1,0,0,1,1,0,0,1,0,1,0,0,0,0,0,0,0,1,0,0,0,1,1
  100,18,0,1,1,1,0,0,1,1,1,1,1,1,1,0,0,1,0,1,0,1,0,0,0,1,1,1,0,0,0,0,0,0,1,0,0,0,0,1,1,1,1,0,0,0,0,0,0,1,1,1,0,0,1,1,0,1,0,0,0,1,1,1,0,1,0,0,0,1,0,0,1,1,0,1,0,0,0,1,1,1,1,0,1,0,1,1,1,0,1,1,1
  101,18,0,0,1, , ,0, ,1,0,1, ,1,1,0,0,1,1,1,1,1,0,0,0,0,0,0,0,1,0,0,0,1,1,0,1,0,0,1,1,1,0,0,1,0,1,0,0,0,1,0,1, ,1,1,0,1,0,0,1,1,0,1,1,0,0,0,0,0,1,0,0,1,1,0,0,1,0,1,0,1,1,1,1,0,0,1,0,0,1,1,0
  102,18,0,1,1,1,0,1,0,0,0,1,1,1,1,1,1,1,0,1,1,0,1,0,0,0,0,1,0,1,0,0,0,0,1,0,1,0,1,1,1,0,1,0,0,1,1,0,0,1,0,1,1,1,1,1,1,1,0,0,1,0,1,1,1,1,1,1,0,1,0,0,1,1,0,1,0,1,1,1,1,1,1,0,1,0,0,1,1,1,1,1,1
  103,18,0,0,1,1,0,1,1,1,1,1,1,1,1,0,1,0,0,1,0,1,0,0,0,1,1,1,0,1,1,0,0,1,1,0,1,0,0,1,1,1,1,1,0,0,1,1,0,0,1,1,0,0,1,1,0,1,0,0,1,0,1,1,0,1,1,0,1,1,1,0,1,1,1,1,1,1,0,0,1,0,1,1,1,0,1,1,1,0,1,1,1
  104,18,0,1,0,1,1,0,1,1,0,1,1,1,1,0,1,0,1,1,0,1,0,1,0,1,1,1,0,1,1,0,0,1,0,0,1,0,0,1,1,1,0,0,1,0,1,1,1,0,1,1,1,1,1,1,0,1,1,0,1,0,1,1,1,0,0,0,1,0,1, ,0,1,1,1,1,0,1,1,0,1,1,1,1,0, ,1, ,1,0, ,1
  105,18,0,0,1,1,0,1,0,0,0,1,0,0,0,1,0,0,0,1,1,0,0,1,0,1,0,0,0,1,0,1,1,0,0,0,0,1,0,1,1,1,1,0,1,0,1,0,1,0,1,0,1,0,0,1,0,1,1,1,1,0,1,1,0,1,0,0,1,0,0,0,0,1,1,1,0,1,0,1,0,0,0,1,0,0,0,1,0,1,0,1,0
  106,18,0,1,1,0,0,0,0,0,0,1,1,1,1,1,1,0,0,1,1,1,1,1,0,1,0,0,0,1,1,0,0,0,1,0,0,0,1,1,1,0,1,0,1,1,0,0,0,0,1,1,0,0,0,1,0,1,1,1,0,0,1,1,0,0,0,0,0,0,0,1,0,1,1,0,0,0,0,0,0,1,1,0,0,0,0,1,0,1,1,1,1
  107,18,0,1,1,0,1,1,0,0,0,1,1,1,1,1,1,0,0,1,1,1,1,1,0,1,0,1,0, ,0,1,0,0,1,0,0,1,0,1,1,0,1,0,0,0,1,1,0,0,1,1,0,1,1,1,0,1,0,1,0,1,1,1,0,1,1,0,1,1,0,0,1,1,0,1,0,0,1,1,1,0,1,0,1,0,1,1,1,1,1,0,0
  108,18,0,0,1,0,0,1,1,0,0,1,1,1,0,0,0,0,0,1,0,1,0,0,0,1,0,0,1,1,0,1,0,1,1,0,0,0,1,1,0,0,0,0,1,0,1,0,0,1,1,1,0,0,0,1,0,0,0,0,0,1,0,1,0,0,0,0,0,1,0,0,0,1,1,1,0,0,0,1,0,0,1,1,0,1,0,1,1,1,1,1,1
  109,17,0,1,1,0,0,0,1,0,1,1,1,1,1,0,0,0,0,1,1,0,0,1,0,0,0,0,1,0,1,0,0,0,1,1,1,0,1,1,1,0,1,1,1,1,1,0,0,1,1,1,1,0,0,1,0,0,1,0,0,0,1,1,0,0,0,1,0,1,0,0,0,1,0,1,0,0,0,0,0,0,1,1,0,0,0,1,0,0,1,1,1
  110,17,0,1,0,0,0,0,1,0,0,1,1,1,1,1,0,1,0,1,1,1,1,1,0,1,1,0,0,1,1,1,0,0,1,1,0,0,0,1,1,0,0,1,1,0,1,1,0,1,1,1,0,1,1,1,0,1,0,1,1,1,0,1,1,1,1,0,1,1,1,1,1,1,0,1,0,1,0,0,1,1,1,1,0,0,1,1,1,1,1,0,1
  111,17,0,1,1,1,0,1,1,0,0,1,0,1,1,1,1,0,0,1,1,1,1,1,0,0,0,0,0,0,0,0,1,1,1,0,0,1,1,1,1,1,1,0,1,0,1,0,0,1,1,0,0,1,1,1,0,1,1,1,0,1,1,1,0,0,0,0,0,1,0,1,0,1,0,0,0,0,1,1,1,0,1,0,1,0,1,1,0,1,1,1,1
  112,17,0,1,1,1,1,0,0,0,0,1,1,1,1,1,0,0,0,0, ,1,1,0,0,1,1,1,0,0,0,0,0,0,1,0,0,1,1,0,1,1,1,0,0,0,1,0,0,1,1,1,0,1,1,1,0,1,0,1,0,1,0,1,0,0,0,0,1,0,1,0,0,1,0,1,0,0,0,0, ,1,1,1, ,0, ,1,1,0, ,1,1
  113,17,0,1,1,1,0,1,1,0,0,1,1,1,1,1,1,0,0,1,1,1,0,1,0,1,0,0,0,1,0,0,0,0,1,0,0,1,1,1,1,1,1,0,0,0,0,1,0,1,0,1,1,0,1,1,0,1,0,1,1,0,1,1,0,0,0,0,0,1,0,0,1,1,0,0,1,1,1,0,1,1,1,1,1,0,1,0,1,0,1,1,1
  114,17,0,1,1,1,0,0,1,1,1,1,0,1,1,0,0,1,1,1,1,1,1,1,0,1,0,0,0,1,1,0,0,1,0,0,1,1,0,1,1,0,1,1,1,0,1,0,0,0,1,1,0,1,0,0,1,1,0,1,1,1,0,1,0,1,1,0,0,1,1,0,0,1,0,1,0,1,1,1,1,1,1,1,1,0,1,1,0,1,1,1,1
  115,17,0,0,1,1,0,1,1,1,0,0,1,1,1,0,0,1,0,1,1,1,0,1,0,1,1,0,0,1,0,1,0,1,1,0,1,0,0,1,1,1,0,0,1,0,1,0,0,0,1,0,0,0,1,1,0,1,0,1,1,0,1,1,1,0,0,0,0,1,1,0,0,1,0,1,0,1,0,1,0,0,0,1,1,0,1,1,0,0,1,0,1
  116,17,0,1,0,1,0,1,1,1,0,1,0,1,1,0,0,0,0,1,0,0,0,1,1,1,0,1,0,1,0,0,0,1,1,0,0,0,0,1,1,0,1,0,1,0,1,0,0,0,1,1,0,1,1,1,0,1,1,0,1,0,0,1,1,0,1,0,1,1,1,0,1,1,1,1,0,0,1,1,0,0,0,1,1,0,1,1,1,0,1,1,1
  117,17,0,1,1,1,1,1,1,1,0,1,1,1,1,1,0,0,1,1,0,1,0,0,0,1,1,0,0,1,0,1,0,0,1,0,1,1,1,1,1,1,1,0,1,0,1,0,1,1,1,1,0,0,1,1,0,1,1,0,1,1,1,1,1,1,1,0,0,1,1,0,0,1,1,0,0,0,0,1,1,0,1,1,0,0,1,1,1,1,0,1,1
  118,17,0,1,1,0,1,1,0,1,0,1,1,1,0,0,0,1,0,1,0,0,1, ,0, ,1,1,0,1,0,0,0,1,1,0,0,1,1,1,0,1,1,1,0,0,0,0,0,1,1,1,0,1,1,1,0,1,1,0,1,0,1,1,0,0,0,0,1,1,1,0,0,1,0,1,0,0,0,1,1,0,0,1,0,0,0,1,1,0,0,1,1
  119,17,0,1,1,0,0,1,1,0,0,1,1,1,1,1,0,1,0,1,1,0,1,1,0,0,1,0,0,0,0,0,0,0,1,0,0,1,1,1,1,0,0,0,0,0,1,0,0,0,0,1,0,0,1,1,0,1,1,0,0,0,1,1,0,0,0,0,0,1,0,0,1,1,1,0,0,0,0,0,0,0,0,0,1,0,0,1,0,0,0,1,1
  120,17,0,1,0,1,0,0,1,0,0,1,1,1,1,0,1,1,0,1,0,1,1,1,0,0,0,0,0,0,0,0,1,0,1,0,1,1,0,1,0,0,0,0,1,1,0,0,0,0,0,1,0,0,1,1,1,1,0,0,0,0,1,1,0,0,0,0,0,1,0,0,0,1,1,1,0,1,0,1,1,1,0,0,1,0,0,1,1,1,1,1,1
  121,17,0,0,1,1,0,0,1,1,0,1,1,1,1,1,0,0,0,1,1,1,0,1,0,1,1,0,0, ,1,0,0,0,1,0,1,0,0,1,1,1,1,0,1,0,1,0,0,1,1,1,0,1,1,1,1,1,0,0,1,1,0,1,1,1,0,1,0,0,1, ,1,1,1,1,0,1,0,1,1,0,1,1,1,1,1,1,0,0,0,1,0
  122,17,0,1,0,1,1,0,1,1,0,1,0,1,1,0,0,0,0,1,0,1,0, ,0,0,1,1,0,1,0,0,0,1,1,0,1,1,1,1,1,0,1,1,0,1,0,1,0,0,0,1,0,0,1,1,1,1,0,1,1,1,1,1,0,0,1,0,0,1,0,0,0,1,1,1,0,0,1,1,0,0,1,1,1,0,1,1,0,0,1,1,1
  123,17,0,1,1,1,0,1,1,0,1,0,1,1,1,1,1,0,0,1,1,0,1,1,0,0,0,1,0,0,1,0,0,0,1,0,0,0,1,1,1,0,1,0,0,0,1,1,0,0,1,1,0,1,1,1,0,1,1,0,1,1,1,0,1,1,0,0,0,1, ,0,1,1,0,1,0,0,0,0,1,0,0,1,1,0,0,1,1,1,0,1,1
  124,17,0,1,0,1,1,1,0,1,1,1,1,1,1,0,1,0,1,1,0,1,0,0,0,1,1,1,0,1,1,0,0,0,1,0,1,0,1,1,1,1,1,0,0,0,1,1,0,0,1,1,0,1,1,0,0,1,1,0,0,1,0,1,1,0,0,0,1,1,1,1,1,1,1,1,0,0,0,1,0,0,1,1,1,0,0,1,1,0,1,1,1
  125,17,0,1,1,0,1,0,1,0,0,1,1,1,1,1,0,0,0,1,1,0,0,0,0,0,0,1,0,0,0,1,0,0,1,0,0,0,0,1,0,1,1,0,1,0,0,1,0,1,0,1,1,0,1,1,0,1,0,0,0,0,0,1,0,0,0,0,1,1,0,0,1,1,1,1,0,0,0,0,1,1,1,1,1,0,0,1,1,0,0,1,1
  126,17,0,1,1,0,0,1,0,1,1,1,1,1,1,0,1,0,0,1,1,0,1,1,0,0,0,0,0,0,1,0,0,0,1,0,0,0,1,1,0,1,1,0,0,0,1,1,1,0,1,1,0,1,1,0,0,0,1,1,1,1,0,1,0,1,0,0,0,0,1,0,1,1,0,1,0,0,0,0, ,0,0,1,1,0,1,1, ,0,1,1,1
  127,17,0,0,1,1,1,1,1,1,1,1,0,1,1,1,0,0,1,0,1,1,0,1,0,1,1,1,0,1,0,1,0,0,1,0,0,1,0,1,0,1,0,0,0,0,1,0,0,1,1,1,0,0,0,1,0,1,1,1,1,1,1,1,1,1,0,0,1,1,1,0,0,1,0,1,1,0,0,0,1,0,1,1,0,0,1,1,0,0,1,0,1
  128,17,0,1,1,1,0,1,1,0,1,1,0,1,1,1,0,0,0,1,1,1,1,1,0,1,1,0,0,1,0,0,0,1,1,1,1,0,0,1,1,1,1,1,1,0,1,0,0,1,1,1,0,1,1,1,0,1,0,0,0,1,0,1,1,1,1,1,1,0,0,0,1,1,1,1,0,1,0,1,1,1,1,1,1,1,0,1,1,1,1,0,1
  129,17,0,0,1,0,1,1,1,1,0,1,1,1,1,1,1,0,0,0,1,0,0,0,0,0,0,1,0,0,0,0,0,1,0,0,1,1,1,1,1,1,0,0,1,0,1,0,1,1,0,1,0,0,0,1,0,1,1,0,0,0,1,1,0,0,0,0,0,0,1,0,0,1,0,1,0,0,0,1,1,0,0,1,0,0,0,1,0,0,0,1,1
  130,17,0,0,1,1,1,1,1,0,1,1,1,1,1,1,1,1,0,1,1,1,0,0,0,1,1,1,0,1,0,0,0,1,1,0,1,0,0,1,1,0,0,1,0,0,1,0,0,1,1,1,0,1,1,1,1,1,1,1,1,1,1,1,1,0,1,0,1,1,0,0,1,1,1,1,0,1,0,1,0,1,1,1,1,0,1,0,1,0,1,1,1
  131,17,0,1,0,1,1,1,1,0,0,1,1,1,1,1,1,0,1,0,1,1,0,1,0,1,1,1,0,1,1,0,1,1,1,0,1,1,0,1,1,1,0,1,0,0,0,1,0,0,1,1,0,1,1,1,1,1,1,0,0,0,0,1,0,1,1,1,0,1,1,0,1,1,1,1,0,0,0,1,0,0,1,1,0,1,1,1,1,1,1,1,1
  132,17,0,1,0,0,1,1,1,0,1,1,1,1,1,0,1,1,1,1,1,0,0,1,0,0,1,1,0,1,1,1,0,0,1,0,1,0,0,1,0,1,1, ,0,0,1,0,0,0,1,1,0,1,1,1,0,1,0,0,0,1,1,1,1,0,0,0,0,1,1,0,1,1,0,1,0,0,1,0,0,1,1,1,1,0,1,1,0,0,1,1,1
  133,17,0,1,1,1,1,1,0,1,1,1,1,1,1,1,0,0,0,1,0,0,0,1,0,0,1,1,0,0,0,0,0,0,1,0,0,0,0,1,1,1,1,0,0,0,1,1,1,1,1,1,0,1,1,1,1,0,0,1,1,0,1,1,0,0,0,0,0,1,0,0,1,1,0,1,0,0,0,0,0,0,0,1,0,1,0,1,1,0,1,1,1
  134,16,0,1,1,0,1,1,0,0,0,1,1,1,1,0,1,0,0,1,0,0,0,0,1,0,0,1,0,1,1,0,1,0,1,0,0,0,1,1,0,0,1,0,0,0,0,1,0,0,1,1,1,0,1,1,1,1,1,1,1,0,1,1,1,1,1,0,0,1,1,0,1,1,1,1,1,0,0,1,1,0,0,0,1,0,0,0,1,0,0,1,1
  135,16,0,1,1,1,0,1,1,0,0,0,0,1,1,1,1,1,1,0,1,0,1,1,0,1,0,0,0,1,0,1,0,1,1,0,1,1,0,1,1,0,0,0,1,0,1,0,0,0,0,0,1,1,0,0,1,1,0,0,1,1,0,1,0,0,0,1,1,0,1,0,0,1,0,1,0,1,0,1,1,0,0,1,0,0,1,1,1,0,1,0,0
  136,16,0,0,0,0,1,1,1,0,0,1,1,1,1,1,0,0,0,1,1,0,0,1,0,1,0,1,0,1,0,1,0,1,1,0,1,0,0,1,1,1,1,0,1,0,0,0,0,1,0,1,0,0,0,1,0,1,0,0,0,0,0,1,0,0,0,0,1,1,1,1, ,0,1,1,0,1,0,1,1,0,1,1,1,0,1,1,0,1,0,1,1
  137,16,0,1,1,0,0,0,0,0,0,1,1,1,1,1,1,0,0,1,1,1,1,1,0,1,0,1,0,1,0,0,0,0,1,0,0,0,1,1,1,0,1,0,0,0,1,1,0,0,0,1,0,0,1,1,0,1,1,0,0,0,1,1,0,0,0,0,1,1,1, ,1,1,0,1, ,0, ,0, ,0,0,1,1,0,1,1,1,0,0,1,1
  138,16,0,0,1,1,1,0,0,0,1,1,0,1,0,1,0,1,1,1, ,1,0,1,0,1,1,1,0,1,0,1,0,0,1,0,0,0,0,1,1,1,1,0,1,1,0,0,0,1,1,1,0,0,0,1,1,1,1,0,1,1,1,1,1,1,0, ,1,1,0,0,0,1,1,0,0,0,1,1,1,0,1,1,0,0,1,0,0,1,0,1,1
  139,16,0,1,1,1,1,1,1,1,1,1,1,1,1,0,0,0,1,0,1,1,1,0,0,0,1,0,0,0,1,0,0,1,1,0,1,0,1,1,1,1,1,1,0,0,1,0,0,0,1,1,0,0,1,1,0,0,1,0,0,1,1,1,1,1,1,0,1,0,1,1,0,1,1,1,0,1,1,1,1,1,1,1,1,0,1,1,1,1,1,1,0
  140,16,0,1,1,1,1,1,1,0,1,1,0,1,1,0,0,1,1,1,0,1,0,1,0,1,0,0,0,1,1,1,0,1,1,0,1,0,0,1,1,0,1,0,1,1,1,0,0,0,1,1,0,1,1,1,0,1,0,1,1,1,0,1,1,1,1,0,1,0,1,0,0,1,1,1,0,1,1,0,0,1,1,0,0,0,1,1,1,1,1,0,1
  141,16,0,1,1,1,0,1,1,1,0,1,1,1,1,0,0,1,1,1,0,1,1,1,0,1,1,1,0,1,0,0,0,1,0,1,1,0,0,1,1,1,0,1,1,0,0,0,0,0,1,0,0,0,1,1,1,1,0,1,1,1,1,1,1,1,0,1,1,0,1,0,0,1,1,1,0,1,0,1,0,0,1,1,0,0,1,1,0,0,1,0,1
  142,16,0,1,1,1,1,1,1,0,1,1,1,1,1,0,1,0,1,1,1,1,0,0,0,1,0,1,0,0,0,0,0,1,1,0,0,0,1,1,0,1,0,0,0,0,1,0,0,0,1,1,0,1,1,0,0,1,1,0,0,0,1,1,0,1,0,0,1,0,0,0,0,1,1,1,1,0,0,0,0,0,1,1,1,0,1,1,1,0,1,0,1
  143,16,0,1,1,1,0,0,1,1,0,1,1,1,0,1,1,0,1,1,0,0,0,0,0,0,1,1,0,0,0,0,0,0,1,0,0,0,1,1,0,1,1,0,0,0,1,0,0,1,1,1,0,1,1,1,0,1,0,1,0,1,1,1,0,1,0,0,0,1,1,0,0,0,0,1,0,0,0,0,1,1,0,1,1,0,1,1,1,0,1,1,1
  144,16,0,0,0,1,1,1,1,1,1,1,0,0,1,0,1,1,1,0,0,1,0,1,0,1,1,1,1,0,1,1,0,1,0,1,1,0,1,1,0,1,0,1,1,0,1,0,0,0,1,1,1,0,0,0,1,0,1,1,1,1,0,1,1,1,0,1,0,0,1,1,0,1,0,1,1,1, ,1,0,0,1,1,0,0,1,1,0,1,1,0,0
  145,16,0,1,1,0,1,1,1,1,1,1,1,1,1,1,1,0,1,1,1,1,0,0,0,1,1,1,0,1,1,0,0,0,1,0,1,1,0,1,0,1,1,0,0,0,1,1,0,0,1,1,0,0,1,1,0,0,1,1,0,1,1,1,1,1,1,0,1,1,0,0,1,1,1,1,0,0,0,1,1,1,1,1,1,0,1,1,1,0,1,0,1
  146,34,0,1,1,1,0,0,1,0,0,1,1,1,1,1,0,1,1,1,0,1,1,1,1,0,1,1,0,1,0,0,0,1,1,0,1,0,1,1,1,1,0,0,1,0,1,0,1,1,1,1,0,1,1,1,0,1,0,1,0,1,0,1,1,0,0,1,0,0,0,0,1,1,0,1,0,0,1,0,1,1,0,1,1,0,0,1,1,1,1,1,1
  147,52,0,0,1,0,0,1,1,0,0,0,1,1,1,1,0,0,0,1,0,1,1,1,0,0,0,0,0,0,0,1,0,0,0,0,1,1,0,1,1,0,0,0,1,1,1,0,0,0,1,0,1,0,0,1,0,1,1,1,0,0,1,1,0,0,1,0,0,0,0,0,0,1,1,1,0,0,0,0,1,0,1,0,0,0,1,1,1,0,1,1,1
  148,32,0,0,1,0,0,1,1,1,0,1,0,1,1,1,1,0,0,1,0,0,0,1,0,0,1,0,0,1,1,1,0,0,0,0,0,1,1,1,1,1,1,0,0,1,1,1,0,0,1,1,0,0,1,1,0,0,1,1,1,0,0,1,0,1,0,1,0,1,0,1,0,1,0,0,0,0,1,0,1,0,1,1,0,0,0,1,1,1,0,1,1
  149,25,0,0,0,1,0,0,1,0,0,1,0,1,0,1,0,0,0,0,1,0,0,1,0,0,0,0,0,0,0,1,0,0,0,0,0,1,1,1,0,0,0,0,1,0,1,0,1,0,0,0,0,0,0,1,0,0,0,1,0,0,1,0,0,0,0,0,0,0,0,0,0,1,1,1,0,0,0,0,1,0,0,1,0,0,0,1,0,0,0,0,0
  150,42,0,1,0,1,0,0,0,0,0,0,1,1,0,1,1,0,0,0,1,0,0, ,0,0,0,1,0,1,0,1,0,0,1,0,0,1,1,1,1,1,1,0,0,0,1,0, ,1,1,1,1,1,1,1,1,1,0,0,0,1,0,1,0,0,1,0,0,1,0,0,1,1,1,1,0,0,0,0, ,0,0,0,1,1,0,1,0,0,1,1,1
  151,30,0,1,1,1,0,1,1,0,0,1,1,1,1,1,1,1,0,1,1,1,0,0,0,0,1,0,0,0,0,0,0,0,1,0,1,1,0,1,1,0,1,0,1,0,1,1,0,0,1,1, ,0,1,1,0,1,1,1,0,0,1,1,0,0,1,1,0,0,1,1,1,1,1,1,0,0,0,0,1,0,1,1,1,0, ,0,1,0,1,1,1
  152,27,0,1,0,0,0,0,1,1,0,1,1,1,1,1,1,0,0,1,1,1,0,1,0,0,0,1,1,0,0,0,0,0,1,1,0,1,0,1,1,1,0,0,0,0,0,0,0,1,0,1,0,0,1,1,1,1,0,0,1,0,1,1,1,1,0,1,0,0,1,0,0,1,1,1,0,0,1,1,1,0,1,1,0,0,0,1,0,0,1,1,1
  153,20,0,1,1,1,1,1,1,1,1,1,1,1,1,1,1,0,1,0,0,1,0,0,0,1,0,1,0,0,1,1,0,0,1,0,0,1,1,1,1,0,0,0,1,0,1,0,0,0,0,1,0,0,0,1,0,1,1,0,1,1,1,1,0,1,0,0,1,1,0,1,0,1,1,1,0,1,0,0,1,0,1,1,0,0,1,1,1,0,1,1,1
  154,40,0,1,1,1,1,0,1,1,1,1,1,1,1,0,1,0,1,1,1,1,0,1,0,0,1,1,0,1,1,0,0,1,1,0,1,0,1,1,0,0,0,0,1,0,1,0,0,0,1,1,0,0,1,1,0,1,0,0,1,0,1,1,0,0,1,0,1,0,0,0,0,1,1,1,1,0,0,0,1,0,1,1, ,0,1,1,1,0,1,1,1
  155,30,0,1,0,1,1, ,1,1,0,1,1,1,1,1,0,0,0,1,1,1,0,1,0,1,0,1,0,1,0,1,0,1,1,0,1,1,1,1,1,1,1,1,1,1,1,0,1,1,1,1,0,0,1,1,1,1,0,1,1,1,0,1,1,0,1,0,0,1,0,1,1,1,1,1,0,1,0,1,0,1,1,0,1,0,1,0,1,1,1,1,1
  156,29,0,1,1,1,0,0,1,1,1,0,1,1,1,0,0,0,1,0,0,0,0,1,0,0,0,1,0,1,0,1,0,0,1,1,0,0,0,1,0,1,0,0,1,0,0,0,1,1,1,1,0,0,1,1,0,1,0,1,0,0,0,1,0,0,1,0,0,1,0,1,1,1,0,0,0,0,0,0, ,1,0,1,1,0,1,1,1,0,1,1,1
  157,24,0,0,1,0,0,0,0,0,1,1,0,0,1,1,1,1,1,1,1,0,0,0,0,0,1,1,1,0,1,1,0,0,1,0,0,1,1,1,0,0,1,0,1,0,1,1,1,0,0,1,1,0,1,1,0,1,1,0,0,1,1,1,0,1,1,0,0,0,0,1,1,1,0,1,0,1,0,0,0,0,0,0,0,0,0,1,0,0,1,1,0
  158,29,0,0,1,0,1,0,0,1,0,1,1,1,1,1,1,0,0,1,1,1,1,0,0,0,1,1,0,1,0,1,1,1,1,0,1,1,0,1,1,1,0,1,1,0,1,0,1,1,1,1,0,1,1,1,1,1,1,1,1,1,1,1,1,1,1,0,1,0,1,0,0,1,1,0,0,0,0,1,0,0,1,0,0,0,1,0,0,0,0,1,1
  159,26,0,1,1,1,0,1,0,1,1,1,1,1,1,1,1,1,0,1,1,0,0,1,0,1,1,1,0,1,1,1,0,0,1,0,1,0,0,1,1,1,1,0,1,1,1,0,0,1,1,1,0,1,1,1,1,1,0,1,1,1,0,1,1,1,1,1,1,1,1,1,0,1,1,1,1,1,0,1,0,1,1,1,1,0,1,1,0,0,1,1,1
  160,27,0,1,1,1,0,0,1,1,0,1,1,1,1,1,0,0,0,1,1,1,1,0,0,1,0,0,0,1,0,1,1,1,1,0,1,1,0,1,1,0,1,1,1,0,1,0,0,1,1,1,0,1,1,1,1,1,0,1,1,0,0,1,0,0,1,1,1,0,1,1,0,1,1,1,0,1,1,0,0,1,1,1,1,1,1,1,1,0,1,1,0
  161,23,0, ,1,1,0,0,1,1,1,1,1,1,1,1,0,0,0,1,1,0,0,1,0,1,1,1,0,1,0,0,0,1,0,1,1,0,0,1,1,0,1,1, ,0,1,0,0,1,1,1,0,1,1,1,0,1,0,0,1,0,0,1,1,1,0,0,1,0,0,0,0,1,1,1,0,1,0,1,0,1,1,1,0,0,1,1,0,0,1,1,1
  162,20,0,1,1,0,1,0,1,1,0,1,1,1,1,1,0,0,0,1,0,1,0,1,0,0,0,0,0,0,0,1,0,1,1,0,1,0,0,1, ,0,1,0,1,0,0,0,0,1,0,1,0,0,1,1,1,1,0,1,1,0,0,1,0,0,0,0,0,0,0,0,1,1,1,1,0,0,0,0,1,0,1,1,0,0,1,1,1,0,1,1,1
  163,19,0,0,1,1,0,0,1,1,0,1,1,1,1,0,1,0,0,1,1,1,0,0,0,1,1,1,1,1,1,1,0,0,0,1,0,1,0,1,0,0,1,0,0,0,1,1,1,0,1,1,0,1,1,1,0,1,0,1,1,1,0,1,1,1,1,1,0,0,1,1,1,1,1,1,1,0,0,1,0,0,1,1,1,0,1,1,1,0,1,1,1
  164,25,0,0,1,1,0,0,1,0,0,1,1,1,1,1,1,0,0,1,0,1,1,0,0,1,1,0,0,1,0,1,0,1,1,1,1,1,1,1,1,0,0,0,1,0,1,1,1,1,1,1,1,0,1,1,1,0,1,1,1,0,1,1,1,0,1,0,0,1,1,0,0,1,1,1,0,1,0,1,1,0,1,1,1,1,1,1,1,0,0,1,1
  165,26,0,1,1,0,1,0,0,0,0,1,1,1,1,1,1,1,0,1,1,1,0,1,0,0,1,0,0,0,0,1,0,0,1,0,1,0,0,1,1,1,1,0,0,0,1,1,0,1,1,0,1,1,1,1,1,1,0,0,1,0,0,1,0,0,1,0,1,1,1,0,1,1,0,1,1,1,0,1,1,0,1,1,1,0,1,1,1,0,1,1,1
  166,27,0,0,1,1,0,0,1,0,0,1,1,1,1,1,0,1,0,1,1,1,0,1,0,0,0,1,0,1,0,0,0,0,1,0,1,0,0,1,0,1,1,0,0,0,1,0,0,0,1,1,0,1,1,1,0,1,1,1,0,0,0,1,0,0,1,0,0,1,0,0,0,1,1,1,0,0,0,0,1,0,1,1,1,0,1,1,0,0,1,1,1
  167,17,0,1,1,1,0,1,1,1,0,0,0,1,1,1,1,0,0,1,1,1,0,1,0,0,0,0,0,1,1,1,0,1,1,0,1,0,1,1,1,0,1,1,1,0,1,0,0,1,0,1,0,1,1,1,1,1,0,1,1,0,1,1,1,0,0,0,1,0,1,0,0,1,1,1,0,0,0,1,1,0,1,0,1,0,0,0,0,0,0,0,1
  168,17,0,0,1,1,0,0,1,1,1,1,1,0,1,0,1,1,0,1,0,1,0,1,1,0,1,1,0,1,1,0,0,1,1,1,1,0,0,1,1,1,1,1,0,0,1,0,0,1,0,1,1,0,1,1,1,0,0,0,1,1,0,1,0,1,0,0,1,1,1,0,0,1,0,0,0,1,1,0,1,1,1,1,1,0,1,1,0,1,1,1,0
  169,19,0,0,1,1,1,1,1,0,1,1,1,1,1,1,1,0,1,1,0,1,0,0,0,0,1,0,0,1,0,0,0,1,1,1,0,0,0,1,0,1,1,0,0,0,1,0,0,0,1,1,0,1,1,1,1,0,0,1,1,0,1,1,0,0,1,0,0,1,0,0,0,1,0,1,0,0,0,0,1,1,1,1,1,0,1,1,1,0,1,0,1
  170,18,0,0,1,0,0,0,1,0,0,1, ,1,1,1,1,0,1, ,0,0,0,0,0,0,1,0,0,0,0,0,1,0,1,0,0,0,1,1,1,1,0,0,1,1,1,1,1,1,1,1,0,0,1,1,0,1,0,0,1,1,1,1,0,0,1,0,0,1,0,1,1,1,0,1,0,1,0,0,1,0,1,1,1,0,1,0,1,0,0,1,1
  171,28,0,0,1,0,1,1,1,0,0,1,1,1,1,1,0,0,0,1,1,1,1,1,0,0,0,1,1,0,0,1,0,1,1,0,1,1,0,1,1,1,0,1,1,0,0,0,0,1,1,1,1,0,1,1,1,1,0,1,1,0,1,1,0,0,0,0,0,1,0,0,1,1,1,0,0,0,0,0,1,0,1,1,1,0,0,0,1,1,1,1,1
  172,30,0,1,0,1,0,1,1,0,0,1,0,1,1,1,0,1,0,1,1,1,0,1,0,1,1,0,0,1,0,1,0,0,0,0,1,1,0,1,1,1,0,1,0,0,0,0,0,1,0,1,0,0,0,1,1,1,0,0,0,0,0,1,1,0,0,0,1,1,0,0,0,1,1,1,0,0,0,1,1,0,1,1,0,0,0,1,0,0,0,1,1
  173,28,0,1,1,1,0,0,1,0,0,1,1,0,1,0,0,0,0,1,0,1,1,0,0,0,1,1,1,0,1,1,0,0,1,0,0,1,0,1,0,0,0,0,0,1,1,0,1,0,1,1,0,1,1,1,0,0,0,0,0,0,0,1,0,1,0,0,0,0,1,0,0,1,0,1,0,0,0,0,0,1,0,1,1,0,1,0,1,0,0,1,0
  174,26,0,1,1,1,1,0,1,1,0,1,0,1,1,1,0,0,0,1,0,1,0,0,0,1,1,0,1,1,1,1,0,1,1,0,1,1,0,1,1,0,1,0,1,0,1,0,0,1,1,1,0,0,1,1,1,1,1,1,1,0,1,1,0,0,0,0,1,1,0,1,0,1,1,0,0,0,0,1,1,0,1,0,0,0,0,1,1,0,1,1,1
  175,26,0,1,1,1,0,0,1,1,0,1,1,1,0,1,0,0,0,1,1,0,0,1,0,0,0,1,0,1,0,1,0,1,1,0,1,0,1,1,0,0,0,0,1,0,1,0,0,1,1,1,0,0,1,1,1,1,0,1,1,0,1,1,0,0,0,0,1,0,0,0,0,1,0,1,0,0,0,1,1,0,0,1,1,0,1,1,1,0,0,1,1
  176,35,0,1,1,1,0,1,0,0,0,1,1,1,1,1,0,0,0,1,1,0,0,1,0,0,1,0,0,0,0,0,0,0,0,0,0,0,1,1,0,0,1,0,1,0,0,1,0,1,0,1,0,0,1,1,0,1,1,1,0,0,1,1,0,0,1,0,0,1,0,0,1,1,0,1,0,0,0,0,1,0,1,0,1,1,0,1,1,1,1,1,1
  177,28,0,0,1,0,0,0,1,0,0,1,1,1,0,1,1,0,0,1,1,0,0,1,0,0,0,1,0,0,0,0,0,0,1,0,0,0,0,1,0,0,1,0,0,0,1,0,0,1,1,1,0,0,1,0,0,1,0,1,1,0,0,1,0,0,0,0,0,1,1,0,0,1,0,1,0,0,0,0,0,0,0,1,0,0,1,1,1,0,1,1,1
  178,32,0,0,1,1,0,1,1,1,0,1,1,1,1,1,1,0,0,1,1,1,0,1,0,1,0,0,0,0,0,0,0,0,1,0,1,0,0,1,1,1,1,0,1,0,1,1,0,0,0,1,0,1,1,1,0,1,1,1,0,1,1,1,0,0,0,0,0,1,0,0,1,1,1,1,0,0,0,0,1,0,1,1,0,0,1,1,1,1,1,1,1
  179,28,0,0,1,1,0,0,1,0,0,1,0,1,1,1,1,0,0,1,1,1,1,1,0,0,1,1,0,1,0,1,1,0,1,0,1,1,1,1,0,1,1,0,1,0,1,0,0,1,1,1,0,0,0,1,1,1,0,1,0,1,1,1,0,1,0,0,0,1,0,1,1,1,0,1,0,0,0,0,1,0,1,1,0,1,1,1,1,1,1,1,0
  180,24,0,0,1,0,0,0,1,0,0,0,1,1,0,1,1,0,0,1,0,0,1,0,0,0,0,1,0,0,0,0,0,0,1,0,0,1,1,1,0,0,1,0,0,1,1,1,0,0,0,1,1,1,1,1,0,1,1,1,0,0,0,1,0,0,0,0,0,1,0,1,1,1,0,0,0,0,0,0,0,0,0,0,1,0,1,0,1,0,1,1,1
  181,27,0,0,1,0,0,0,1,0,1,1,1,1,0,1,1,0,0,1,0,0,0,1,0,0,1,1,0,0,1,0,0,0,1,0,0,0,1,1,0,1,1,0,0,0,1,1,0,0,1,1,0,1,1,1,0,1,0,1,0,1,1,1,0,1,1,0,0,0,0,1,0,1,0,0,0,0,0,0,0,0,0,1,1,0,1,1,1,0,1,1,1
  182,31,0,0,0,0,1,0,1,0,0,1,0,1,0,1,1,0,0,1,0,0,1,0,0,0,0,0,0,0,0,1,0,0,1,0,0,1,1,1,0,1,1,1,1,0,0,0,0,0,0,0,0,0,1,1,0,1,0,0,0,0,1,1,0,0,0,0,0,1,0,0,1,1,0,0,0,0,0,0,1,0,0,0,0,0,0,1,0,0,1,1,0
  183,28,0,1,1,1,0,0,1,0,0,1,1,1,1,1,0,0,0,0,1,1,1,1,0,1,0,0,0,0,0,1,0,0,1,0,0,1,1,1, ,0,0,0,1,0,0,0,0,0,0,0,0,0,0,1,0,1,1,0,0,0,0,1,0,0,0,0,0,0,0,0,0,1,0,1,0,0,0,0,1,0,0,0,0,0,0,1,0,0,1,1,1
  184,28,0,1,1,0,0,0,1,0,0,1,1,1,1,1,0,0,0,1,0,0,0,1,0,0,0,1,0,0,0,1,0,0,1,0,0,0,0,1,1,0,1,0,0,0,0,0,0,1,1,0,0,0,1,1,0,1,0,0,0,0,0,1,0,0,0,0,0,0,0,0,1,1,0,1,0,0,0,0,0,0,1,1,0,0,0,0,0,0,0,1,0
  185,26,0,0,1,0,0,0,1,0,0,1,0,1,0,0,0,0,0,1,0,0,0,1,0,0,0,1,0,0,0,0,0,0,1,0,0,0,0,1,0,1,1,0,0,1,1,0,0,1,0,0,0,0,1,1,0,0,0,1,0,0,0,1,0,0,1,0,0,1,0,0,0,0,0,1,0,0,0,0,1,0,0,1,1,0,0,0,0,0,0,1,0
  186,27,0,1,0,1,0,0,1,1,0,1,1,0,1,1,1,1,0,0,0,1,0,0,0,1,0,1,0,1,0,0,1,1,0,0,1,0,0,1,0,0,0,1,1,0,0,0,0,0,1,0,0,0,0,1,0,0,0,0,1,1,1,1,0,1,0,1,1,0,0,1,1,1,1,1,1,1,0,1,1,0,1,1,0,1,0,1,0,0,1,1,0
  187,24,0,0,1,0,0,1,1,0,0,0,1,1,1,1,1,0,0,1,1,0,1,0,0,0,0,1,0,0,0,0,0,0,1,0,0,0,1,1,0,1,1,0,0,1,1,1,0,0,0,1,0,0,1,1,0,1,1,1,0,0,1,1,0,0,0,0,0,0,0,0,1,0,0,0,0,0,0,0,0,0,0,1,1,0,0,1,1,0,0,1,1
  188,40,0,1,1,0,0,1,1,0,1,1,1,1,1,0,1,0,0,1,1,0,1,0,0,0,0,1,0,0,0,1,0,0,1,1,0,1,1,1,0,1,1,0,0,0,1,1,0,1,1,1,0,0,1,0,0,1,0,0,0,1,1,1,0,1,1,0,0,0,0,1,1,1,0,1,0,0,0,0,1,0,0,1,1,1,1,1,1,0,1,1,1
  189,37,0,0,1,0,1,0,1,0,1,1,1,1,1,1,0,0,1,1,0,1,0,1,0,0,1,1,0,1,1,1,1,1,1,0, ,0,0,1,1,1,1,0,1,0,1,0,0,0,1,1,1,1,0,1,0,0,0,1,0,1,0,1,0,1,1,0,0,1,1,1,1,1,0,1,0,0,0,1,1,0,1,1,1,0,1,0,0,0,0,1,1
  190,30,0,0,1,0,0,0,1,1,0,1,0,1,1,1,1,0,0,1,1,1,0,1,0,1,0,0,0,0,0,1,0,0,1,0,1,0,0,1,0,1,1,0,0,0,0,0,0,0,1,1,0,0,1,1,0,0,0,1,1,0,0,1,0,0,0,0,0,0,1,0,0,1,1,1,0,0,0,0,1,1,1,1,0,0,1,1,0,0,1,1,1
  191,28,0,1,0,1,0,0,1,1,1,0,1,1,1,1,0,1,1,0,1,1,0,1,0,1,1,1,0,1,0,1,0,1,1,1,0,0,0,1,1,1,0,1,1,0,1,0,1,0,1,0,1,0,0,1,0,1,0,0,1,0,1,1,0,1,1,0,1,1,1,0,0,1,1,1,0,1,0,1,1,1,1,1,0,1,1,1,1,0,1,1,1
  192,24,0,1,0,0,0,1,1,0,0,1,1,1,0,1,1,0,0,1,0,0,0,1,0,0,1,0,0,1,0,0,0,0,1,0,0,0,0,1,0,0,1,0,1,0,1,0,0,0,1,1,0,1,1,1,0,1,0,1,0,0,0,1,0,0,0,0,0,1,1,0,0,1,0,1,0,0,0,0,1,1,0,1,0,0,1,1,1,0,0,1,1
  193,20,0,0,1,0,1,0,1,1,0,1,1,1,0,1,1,0,0,1,0,0,1,1,0,0,0,0,0,0,0,1,0,0,1,0,0,1,1,1,0,0,1,0,1,0,1,1,0,1,1,1,0,1,1,1,0,1,0,1,1,0,0,1,0,0,0,0,0,0,0,0,1,1,0,1,0,0,0,0,1,0,0,1,0,0,0,1,1,0,1,1,1
  194,20,0,1,1,0,0,0,0,1,1,1,1,1,1,1,0,0,0,1,0,1,0,1,0,0,1,0,0,0,1,1,0,0,1,0,1,0,0,1,0,0,0,0,0,0,1,0,0,1,1,0,0,0,1,1,0,1,0,1,1,1,1,1,0,0,0,0,0,1,1,0,0,1,1,1,0,0,0,0,1,0,1,1,0,0,0,1,1,0,1,1,1
  195,20,0,1,1,1,1,0,1,1,1,1,0,1,1,1,0,0,0,1,1,1,0,1,0,1,1,1,0,1,0,1,0,0,0,0,0,0,0,1,1,0,1,0,1,0,1,0,0,0,0,1,0,0,1,1,0,1,0,0,1,0,0,1,0,1,1,0,1,0,0,0,0,1,1,1,0,0,0,1,0,0,1,0,1,0,0,1,0,1,1,1,0
  196,21,0,1,1,1,0,1,1,1,0,1,1,1,1,1,0,0,0,1,1,1,0,0,0,1,0,0,1,1,0,1,0,0,1,0,0,1,0,1,0,1,1,0,0,0,0,0,0,1,1,1,1,0,1,1,0,1,0,1,0,0,1,1,0,0,1,0,0,1,1,1,1,1,1,1,0,0,0,1,1,0,0,0,1,0,0,0,0,0,0,1,1
  197,24,0,0,1,1,0,0,1,1,1,1,0,1,0,0,0,0,1,0,1,1,1,1,0,1,0,0,0,1,0,1,0,0,0,0,1,0,0,1,1,1,1,1,0,0,1,0,0,1,1,1,1,0,0,1,1,0,1,1,1,0,0,0,0,0,0,0,0,1,1,0,1,1,1,1,0,1,0,0,0,1,1,1,0,0,1,1,0,0,1,1,1
  198,19,0,1,1,0,1,1,1,0,0,1,1,1,1,1,1,0,0,1,1,1,0,1,0,0,0,1,0,1,0,1,1,1,1,0,0,0,1,1,1,1,1,0,0,0,1,0,0,1,0,0,1,1,1,1,0,1,0,1,0,1,0,1,0,0,0,0,1,1,1,0,0,1,1,1,0,0,0,0,1,0,0,0,1,0,0,0,1,0,1,1,1
  199,25,0,1,1,1,0,0,1,0,0,1,1,1,1,1,1,0,0,1,0,1,1,0,0,0,0,0,0,0,0,0,0,1,1,0,0,1,1,1,1,0,1,0,1,0,0,0,0,1,0,0,0,0,1,1,0,1,0,0,0,0,1,1,0,0,0,0,1,0,0,0,0,1,0,1,0,0,0,0,0,0,1,1,0,0,0,0,1,0,1,1,0
  200,23,0,1,1,1,1,1,1,0,0,1,1,1,0,0,0,1,0,1,1,1,0,0,0,1,0,1,0,0,0,0,0,0,1,0,0,0,0,1,0,1,1,0,0,0,1,1,0,1,0,1,0,0,1,1,0,1,0,0,0,0,0,1,0,0,0,0,0,0,0,0,0,1,0,1,0,0,0,0,1,0,0,0,1,0,0,1,0,1, ,1,1
  201,18,0,1,1,0,1,0,1,1,0,1,1,1,1,1,1,0,0,1,1,1,1,1,0,1,1,0,0,1,0,1,0,1,1,0,1,1,0,1,1,0,1,0,0,0,1,0,1,1,1,0,1,1,1,1,0,1,1,1,1,0,0,1,1,0,1,0,0,0,1,0,1,1,0,1,0,0,0,1,1,0,1,1,0,0,1,1,1,0,1,1,1
  202,21,0,1,1,0,1,0,1,1,0,1,1,1,0,1,1,0,0,1,1,0,0,1,0,0,0,1,0,1,0,1,0,0,1,0,0,1,1,1,1,0,1,0,0,0,0,1,0,0,0,1,0,0,1,1,0,1,0,0,1,0,0,1,1,0,1,0,0,1,1,0,1,1,1,0,0,0,0,0,0,0,0,0,1,0,0,0,1,0,1,1,1
  203,19,0,1,1,1,0,1,1,1,0,1,1,1,1,1,0,0,0,1,1,1,0,0,0,1,1,0,0,1,1,0,0,1,1,0,0,0,0,1,0,1,1,0,1,0,1,1,0,0,0,1,0,0,1,0,0,1,0,1,1,0,1,1,0,0,0,0,1,1,1,0,1,1,0,1,0, ,0,0,1,0,1,0,1,0,1,1,1,1,1,1,1
  204,21,0,0,1,1,0,0,1,0,0,1,1,0,1,1,1,0,1,1,1,1,1,1,0,1,0,0,0,1,0,0,0,1,1,0,0,1,0,1,1,1,1,1,1,0,1,1,0,0,0,1,0,1,1,1,1,1,0,1,1,0,1,1,1,0,1,0,0,0,1,0,0,1,1,1,0,0,1,1,1,0,1,0,1,0,0,0,1,1,1,1,1
  205,25,0,1,1,1,0,0,1, ,0,1,0,1,0,1,1,0,0,1,1,0,0,0,0,0,0,1,0,1,0,1,0,1,1,0,0,1,1,1,1,0,1,0,0,0,0,1,0,0,0,1,0,0,1,1,0,1,1,1,1,0,0,1,0,0,1,0,0,1,0,0,1,1,0,1,0,0,0,0,1,0,1,0,0,0,1,1,1,0,1,0,0
  206,26,0,0,1,1,1,0,1,1,0,1,1,1,1,1,0,0,0,1,1,1,1,0,0,0,0,1,0,1,0,0,0,1,1,0,0,1,1,1,1,0,1,1,1,0,1,0,0,1,0,1,0,1,1,1,1,1,0,1,1,1,1,1,0,0,0,0,1,1,0,0,1,1,1,1,0,0,0,0,1,1,1,0,1,0,0,0,0,1,1,1,1
  207,26,0,0,0,1,0,1,1,0,0,1,1,1,1,1,1,0,0,1,1,0,1,0,0,1,1,1,0,0,1,0,0,0,1,0,0,1,0,1,1,0,1,0,0,0,1,1,0,0,1,1,0,1,1,1,0,1,1,1,0,0,0,1,0,1,1,0,0,0,0,0,1,1,0,1,0,0,0,0,1,0,0,1,1,0,1,0,1,0,1,1,1
  208,27,0,1,1,1,0,0,1,1,0,1,0,1,1,1,0,0,1,1,0,1,0,0,0,1,0,0,0,1,0,1,0,1,1,0,1,1,0,1,1,0,1,0,1,0,1,0,0,1,0,1,0,0,1,1,0,1,1,0,0,0,0,1,0,0,1,0,1,0,0,0,0,1,1,1,0,0,0,0,1,1,0,0,0,0,0,1,1,1,1,1,1
  209,24,0,0,1,1,1,0,1,1,1,1,0,1,1,1,0,1,1,0,1,1,0,1,0,1,1,1,0,0,0,1,0,0,1,0,1,0,0,1,1,0,0,0,0,0,1,0,0,1,1,1,0,1,1,1,0,1,0,0,1,1,0,1,0,1,0,0,1,1,1,1,0,1,1,1,0,0,0,1,0,0,1,1,0,0,1,1,0,0,1,1,1
  210,24,0,0,1,0,0,0,1,1,0,1,0,1,1,1,0,1,1,1,1,1,1,1,0,1,0,0,0,1,0,1,0,1,1,1,1,1,0,1,1,0,0,1,1,0,1,0,1,1,1,1,0,0,0,1,0,1,0,0,1,0,0,1,0,0,0,0,1,1,0,0,0,1,1,1,0,1,0,1,1,1,1,1,0,0,1,1,0,0,1,1,1
  211,25,0,1,1,0,1,1,1,1,0,0,1,1,1,1,1,0,0,1,1,0,0,0,0,0,0,0,0,1,1,1,0,0,1,1,0,1,1,1,0,1,1,0,0,0,1,1,1,0,1,1,1,0,1,1,0,1,1,1,0,1,1,1,0,1,0,0,0,1,1,0,1,1,0,1,0,0,0,0,1,0,0,1,0,0,1,1,1,0,1,1,1
  212,26,0,1,1,1,0,1,1,1,1,1,1,1,1,1,0,0,0,1,1,1,0,1,0,0,0,0,0,0,0,1,0,0,0,0,0,0,0,1,0,1,0,0,1,0,1,0,0,1,1,1,0,1,1,1,0,0,0,0,1,1,0,1,0,1,0,0,0,1,0,0,0,1,1,1,0,0,0,0,0,0,1,1,1,0,1,1,1,0,1,1,1
  213,25,0,0,1,0,0,1,1,1,0,1,1,1,1,1,1,0,1,1,0,0,0,1,0,0,0,1,0,0,0,1,0,0,1,1,0,1,1,1,1,0,0,0,0,0,1,1,0,0,1,1,0,0,0,1,0,1,1,1,1,0,1,1,0,1,1,0,0,1,1,0,1,1,0,1,0,0,0,0,0,0,1,1,1,0,1,1,0,0,1,1,1
  214,24,0,1,1,1,0,1,0,0,0,1,1,1,0,1,1,0,0,1,1,0,0,1,0,0,0,1,0,1,0,0,0,1,1,0,0,0,1,1,1,0,1,0,1,0,1,1,0,0,1,1,0,1,1,1,0,1,0,0,1,0,0,1,0,0,0,0,1,0,0,1,1,1,0,0,0,0,0,0,1,1,1,1,1,0,1,1,1,0,1,1,1
  215,27,0,0,1,0,0,1,1,0,0,1,1,1,1,1,1,0,0,1,0,0,0,0,0,0,0,1,0,1,0,0,0,0,1,0,0,0,1,1,0,1,1,0,0,0,1,1,0,1,1,1,0,1,1,1,0,1,0,0,0,1,0,1,0,1,1,0,0,0,0,0,1,1,0,1,0,0,0,0,1,0,1,1,0,0,1,1,1,0,1,1,1
  216,25,0,0,1,1,0,1,1,0,0,1,1,1,1,1,1,1,0,1,0,1,1,1,0,1,0,0,0,1,0,1,0,1,1,0,1,0,0,1,1,0,0,0,1,0,0,1,0,0,1,1,0,1,1,1,1,1,0,1,1,0,0,1,1,0,0,0,0,1,1,0,1,1,1,1,0,1,1,0,1,0,1,0,1,0,0,1,0,0,1,1,1
  217,25,0,0,1,0,1,0,1,1,0,1,0,1,1,1,0,0,0,1,0,1,1,0,0,0,1,1,0,1,0,0,0,0,0,0,0,1,1,1,0,0,0,0,0,0,0,0,0,0,0,0,0,0,1,1,0,1,0,0,1,1,0,0,1,0,0,0,0,0,1,0,0,1,1,1,0,0,0,1,0,0,0,0,0,0,0,1,0,0,0,1,0
  218,32,0,0,1,0,0,1,0,0,1,0,1,1,1,0,0,1,0,0,0,1,1,1,0,0,0,1,0,0,0,1,0,1,1,0,1,0,1,0,1,1,0,0,1,0,1,0,0,0,1,1,0,0,0,1,0,0,0,0,0,0,1,1,0,1,0,0,1,0,0,0,0,0,1,0,0,0,0,0,0,0,1,1,1,1,1,1,1,0,1,1,1
  219,27,0,0,1,0,0,0,1,1,0,0,0,1,1,0,1,0,0,0,0,1,0,1,0,0,1,0,0,0,0,0,0,1,0,0,0,0,1,1,1,0,0,0,1,0,1,1,0,1,1,1,0,1,0,1,1,1,0,1,1,0,1,1,1,0,0,0,0,0,0,0,0,1,0,1,0,0,0,0,0,0,1,1,1,0,1,1,1,0,1,1,1
  220,26,0,0,1,1,1,0,1,1,1,0,0,1,1,0,1,1,1,1,1,1,1,1,0,1,1,1,0,1,0,0,0,1,0,0,1,0,0,1,1,1,0,1,1,0,1,1,1,1,1,0,1,0,0,1,1,0,0,1,1,1,1,1,1,0,0,0,1,1,0,0,1,1,1,1,0,1,0,0,0,0,1,1,0,1,0,1,0,0,0,0,0
  221,26,0,0,1,1,0,0,1,1,0,1,1,1,1,1,1,0,0,1,0,1,1,0,0,0,0,0,0,1,1,1,0,1,1,0,1,1,0,1,1,0,1,0,1,0,1,0,0,1,0,1,0,0,1,1,1,1,0,0,1,0,1,1,1,0,0,0,0,1,1,0,1,1,1,0,0,0,0,0,1,0,0,1,0,0,1,1,1,0,0,1,1
  222,38,0,0,1,1,1,1,1,1,1,0,0,1,1,1,0,1,0,1,0,1,0,1,0,0,1,1,1,0,0,1,0,0,1,0,1,1,1,1,1,0,0,1,1,0,1,0,0,1,0,1,1,1,0,1,0,1,0,1,1,0,0,1,0,0,0,0,0,1,0,0,0,1,1,1,0,0,0,0,1,0,1,1,1,0,1,1,1,0,1,1,1
  223,20,0,1,1,0,0,0,1,0,1,1,0,1,1,1,1,0,1,1,0,0,0,1,0,0,0,1,0,1,0,1,0,0,1,0,1,0,0,1,1,1,1,0,1,0,0,1,0,1,1,1,0,1,1,1,0,1,1,1,0,0,1,1,1,0,0,1,0,1,0,1,1,1,0,1,0,0,0,0,1,0,0,1,1,0,0,1,0,0,1,1,1
  224,20,0,0,0,0,0,0,0,0,0,1,1,0,0,1,0,1,0,1,0,0,1,0,0,0,1,0,1,0,0,0,0,0,0,0,1,1,0,1,0,1,1,0,1,0,0,0,0,0,1,1,0,1,1,1,0,1,1,1,0,0,1,1,0,0,0,0,0,0,0,0,1,1,0,0,0,0,0,0,1,0,0,1,0,0,1,1,1,0,1,1,1
  225,18,0,0,0,0,1,0,1,0,0,1,0,0,1,0,1,0,0,1,0,0,1,1,0,0,1,1,0,0,0,1,0,1,1,0,1,1,0,1,1,0,1,0,0,0,0,0,0,1,0,1,1,0,0,1,1,1,0,0,0,0,1,1,0,0,1,0,1,0,0,0,1,1,0,0,0,0,0,0,1,0,1,0,0,0,0,0,0,0,0,0,0
  226,34,0,0,1,0,0,1,1,1,0,0,1,1,1,1, ,0,0,1,1,0,0,1,0,0,1,1,0,1,1,0,0,0,1,1,1,0,1,1,1,1,0,0,0,0,1,1,1,0,1,1,0,0,1,0,0,1,1,0,0,1,1,1,0,1,1,0,1,0,1,0,1,1,0,1,0,0,0,0,1,0,0,1,1,0,1,1,0,0,0,1,1
  227,33,0,1,1,1,1,0,1,1,1,1,1,1,1,1,1,1,1,1,1,1,1,0,0,1,1,1,0,1,0,0,0,1,0,0,1,1,0,1,1,1,1,0,0,0,1,1,1,1,1,1,0,0,1,1,0,1,1,1,1,1,1,1,1,0,0,0,1,1,0,0,1,1,1,1,0,0,1,1,1,1,1,1,1,0,1,1,1,1,1,1,1
  228,25,0,0,0,0,1,0,0,0,1,0,0,0,0,0,0,1,1,0,0,0,0,0,1,1,1,0,1,0,1,1,1,1,0,1,1,0,0,0,0,0,0,1,0,1,0,0,1,0,1,0,1,1,0,0,1,0,0,0,1,1,0,1,0,1,1,1,0,1,1,1,0,0,0,0,1,1,1,0,0,0,0,0,0,1,0,0,0,1,0,0,0
  229,25,0,1,1,1,0,0,1,0,0,1,0,1,0,1,1,0,0,1,1,1,0,1,0,0,0,0,0,1,0,0,1,0,1,0,0,0,1,1,1,1,1,0,0,0,1,1,0,1,0,1,0,0,1,1,0,1,1,0,0,0,0,1,0,0,0,0,0,1,0,0,1,0,0,1,0,0,0,0,1,0,1,1,0,1,0,0,1,0,0,1,1
  230,23,0,1,0,1,0,0,1,0,0,1,1,1,1,1,1,0,0,1,0,1,1,0,0,1,0,0,1,1,0,1,0,1,1,0,1,1,0,1,1,0,1,0,1,0,1,0,0,0,0,1,0,0,1,1,0,0,0,0,0,0,0,0,1,0,0,0,0,1,0,0,1,1,1,1,0,0,0,0,1,0,1,0,1,0,0,0,1,0,1,1,1
  231,22,0,0,1,0,0,0,1,0,0,1,0,1,0,0,0,0,0,0,1,0,0,1,0,0,0,0,0,0,0,1,0,1,0,0,0,0,0,1,0,1,0,0,1,0,1,0,0,0,1,0,0,0,0,1,0,1,0,1,0,0,1,1,0,1,0,0,0,0,0,0,0,1,0,0,0,0,0,0,0,0,0,0,0,0,0,1,0,0,1,1,1
  232,20,0,1,0,0,1,0,1,0,0,1,1,1,1,1,1,0,0,1,1,1,1,1,0,0,1,1,1,0,0,1,0,0,1,0,0,1,0,1,1,1,0,1,1,0,1,0,0,0,0,1,1,1,1,1,0,1,0,1,0,1,0,1,0,0,1,0,0,1,0,0,1,1,1,0,0,0,0,0,1,0,0,1,0,0,0,0,1,0,1,1,1
  233,20,0,1,1,1,0,0,1,1,1,1,0,1,0,1,0,0,0,1,1,1,0,1,0,0,1,0,1,0,0,1,0,0,0,0,0,0,1,1,1,1,1,0,1,0,1,0,0,0,1,1,0,1,1,1,0,1,1,0,0,0,1,1,0,1,0,0,0,1,0,1,1,1,0,1,0,0,0,1,0,1,1,0,1,1,1,1,0,0,1,1,1
  234,26,0,1,1,0,0,0,1,0,0,1,1,1, ,1,1,0,0,0,1,1, ,0,0,0,0,0,1,1,0,0,0,0,1,0,0,0,0,1,1,0,1,0,0,0,1,0,0,0,1,0,0,0,1,1,0,1,0,0,0,0,0,1,0,1,0,0,0,0,0,1,1,1,0,0,0,0,0,0, ,1,0,1,0,0, ,0,0,0,1,1,1
  235,23,0,1,1,0,1,0,0,0,0,1,1,1,0,1,1,0,0,1,1,0,0,1,0,0,0,0,0,0,0,1,0,0,1,0,0,1,0,1,1,0,1,0,1,0,0,1,0,0,0,1,0,0,1,0,0,1,0,1,0,0,0,1,0,0,0,0,0,1,0,0,1,1,0,1,0,0,0,0,0,0,0,1,0,0,0,1,1,0,1,1,1
  236,34,0,1,1,1,1,0,1,1,0,1,1,1,1,1,0,1,0,0,1,1,1,1,0,1,0,0,0,1,0,1,1,1,0,0,0,0,0,1,1,0,0,1,1,1,0,0,0,1,1,1,0,0,0,1,1,1,0,0,1,0,0,1,1,0,0,1,1,0,0,1,1,1,1,1,1,1,1,1,1,0,1,1,0,0,1,1,0,0,1,1,0
  237,29,0,1,1,0,0,0,1,0,0,1,0,1,0,1,0,0,0,1,1,0,1,1,0,0,0,1,0,1,0,1,0,0,1,0,1,1,0,1,1,0,0,0,0,0,1,0,0,0,0,1,0,0,1,1,0,1,1,1,0,1,0,1,1,1,0,0,0,0,0,1,0,1,0,1,0,0,0,1,1,0,0,0,0,0,1,1,0,1,1,1,1
  238,30,0,1,1,0,0,0,0,0,0,1,1,1,1,1,0,0,0,1,0,1,1,1,0,0,0,0,1,0,0,1,1,1,0,0,0,0,0,1,1,1,0,0,1,1,1,0,0,1,0,0,0,1,1,1,1,1,0,1,0,0,1,1,0,0,1,1,0,1,0,0,0,0,0,1,0,0,0,0,1,0,1,0,1,0,1,0,1,0,1,1,1
  239,33,0,1,1,1,1,0,0,1,0,1,1,1,1,1,1,0,0,1,0,0,1,1,0,0,0,0,0,0,0,1,0,0,1,0,0,1,1,1,0,1,1,1,1,0,0,0,0,0,0,0,0,0,1,1,1,1,0,0,0,0,1,1,0,0,0,0,1,1,0,0,0,1,0,0,0,0,0,0,1,0,0,0,0,0,1,1,0,0,1,1,0
  240,32,0,0,1,1,1,0,0,0,0,1,1,0,1,1,1,0,0,1,0,0,1,1,0,0,0,1,0,0,0,0,0,0,1,0,0,1,1,1,1,1,1,1,0,0,0,0,0,0,0,0,0,0,1,1,0,1,0,1,0,0,1,1,0,0,0,0,0,1,0,0,1,1,0,0,0,0,0,0,1,0,0,0,0,0,0,0,0,0,1,1,0
  241,17,0,1,1,1,1,0,1,0,0,1, ,1,1,1,1,1,0,1,1,1,1,0,0,1,0,0,0,1,0,0, ,1,1,1,1,1,0,1,1,1,1,0,1,0,1,0,0,1,0,1,0,0,1,1,1,1,0,0,1,0,0,1,1,0,0,0,0,1,0,0,0,1,1,1,0,1,0,1,1,0,1,1,1,0,1,0,1,1,1,0,1
  242,19,0,0,1,1,1,1,1,1,1,1,0,1,0,1,1,0,1,1,0,1,0,1,0,1,1,1,0,1,1,1,1,1,1,1,1,0,0,1,1,1,1,0,1,0,1,0,1,1,1,1,0,1,1,1,0,1,1,0,1,1,0,1,1,1,1,0,1,1,0,0,1,1,1,1,0,0,0,1,1,1,1,1,1,1,0,1,1,1,1,1,1
  243,20,0,1,1,1,0,0,1,0,0,1,1,1,1,1,1,0,0,1,1,0,1,0,0,0,0,0,0,0,0,1,0,0,1,0,0,1,1,1,1,1,1,0,1,0,0,1,0,1,0,1,0,0,1,1,0,1,1,1,0,0,1,1,0,0,0,0,0,0,0,0,0,1,1,1,0,0,0,0,1,0,0,1,0,0,1,1,1,0,1,1,1
  244,42,0,0,0,1,1,0,0,0,0,1,1,0,1,1,1,0,0,1,1,0,1,1,0,1,0,0,1,0,0,1,0,1,1,0,1,1,0,0,1,0,1,0,1,0,0,1,0,0,0,1,0,1,0,1,1,1,0,0,1,1,0,1,0,0,1,0,0,1,0,0,0,1,1,1,0,1,0,0,0,1,1,1,0,1,0,0,1,1,1,1,1
  245,43,0,0,1,1,1,1,1,1,0,1,1,1,1,1,1,1,0,0,1,1,0,1,0,0,1,0,0,1,1,0,0,1,0,1,0,0,1,1,1,1,0,1,1,0,1,0,1,0,1,1,0,0,0,1,1,0,0,1,1,0,0,1,1,1,1,1,1,1,1,0,1,1,1,0,0,1,0,0,1,1,0,1,1,0,1,1,1,1,1,1,1
  246,41,0,0,1,0,0,1,1,1,0,1,1,1,1,1,1,0,0,1,1,0,1,1,0,0,1,0,0,0,0,1,0,0,1,0,0,0,1,1,0,1,1,0,0,0,1,0,0,1,1,1,0,1,1,1,0,1,0,1,1,0,0,1,0,0,0,0,0,1,0,0,0,1,1,1,0,0,0,0,0,0,0,1,0,0,1,1,1,1,1,1,1
  247,22,0,1,1,1,0,0,1,0,0,1,1,1,0,1,1,0,0,1,0,0,1,1,0,0,0,1,1,0,0,0,0,1,1,0,0,1,1,1,1,0,1,0,1,0,0,1,0,0,0,1,1,0,1,1,0,1,1,1,0,0,1,1,0,0,1,0,0,1,0,0,1,1,0,0,0,1,0,0,1,0,0,1,1,0,0,0,1,0,0,1,1
  248,21,0,0,1,0,0,0,1,0,0,1,1,0,1,1,0,0,0,0,1,0,1,1,0,0,0,0,0,0,0,1,0,0,0,0,0,0,0,1,0,0,0,0,1,0,1,0,0,0,0,1,0,0,0,1,0,1,1,0,0,0,0,1,1,0,0,0,0,1,0,0,1,1,0,1,0,0,0,0,1,0,1,1,0,0,0,1,0,0,1,1,1
  249,19,0,1,1,0,0,0,1,0,0,1,1,0,1,0,1,0,0,0,1,0,0,1,0,0,0,1,0,0,0,1,0,0,1,0,0,0,1,1,1,1,0,0,0,0,1,0,0,0,0,1,0,0,1,1,0,1,1,0,0,1,1,1,0,0,1,0,0,0,0,0,1,1,1,1,0,0,0,0,0,0,1,1,1,0,0,1,0,0,0,1,0
  250,32,0,0,0,1,1,0,1,1,1,1,0,1,1,1,0,1,1,1,1,1,0,1,0,1,0,0,0,1,0,1,0,1,0,0,1,0,1,1,1,0,0,1,1,0,1,0,0,1,0,1,0,0,0,1,0,1,1,0,1,0,1,1,1,0,0,0,1,0,1,0,0,1,1,1,0,1,1,0,1,0,1,1,1,0,1,1,1,0,1,1,1
  251,29,0,1,1,1,1,1,1,1,1,1,1,1,1,1,1,1,1,1,0,1,0,0,0,1,0,1,1,1,1,0,1,0,1,0,0,0,1,1,1,0,0,0,0,0,1,1,0,0,1,1,0,0,1,1,1,0,1,1,0,1,0,1,0,1,1,0,1,1,1,0,1,1,1,1,0,0,0,0,0,0,1,0,1,0,1,1,1,0,1,1,0
  252,26,0,1,1,0,0,0,0,0,0,1,0,1,1,1,0,0,0,0,1,0,1,0,0,1,1,0,0,0,0,1,0,1,1,0,0,1,0,1,1,0,0,0,0,0,0,1,0,1,1,0,1,0,0,1,0,1,0,1,0,0,0,1,0,1,0,0,0,1,0,0,1,1,1,0,0,0,0,0,1,0,1,1,0,0,0,1,1,0,0,1,0
  253,22,0,0,1,0,0,0,1,0,1,1,1,1,1,1,0,0,0,1,0,0,0,1,0,0,0,0,0,0,1,1,0,0,0,0,0,0,1,1,0,0,0,0,1,0,0,0,0,0,0,0,0,0,0,1,0,0,0,1,0,0,0,1,0,0,0,0,0,0,0,0,0,1,0,1,0,0,0,0,1,0,0,0,0,0,0,0,1,0,0,1,1
  254,25,0,1,1,0,0,1,1,0,1,1,1,1,1,0,0,0,0,0,1,1,0,1,0,0,1,0,0,0,0,1,0,0,1,1,0,1,1,1,0,0,0,0,1,0,1,0,0,0,1,1,1,1,0,1,0,1,0,1,0,1,1,1,0,0,1,0,0,0,0,0,0,1,0,0,0,0,0,0,0,1,1,0,0,0,1,1,1,0,1,0,1
  255,25,0,1,1,1,0,1,1,1,0,0,1,1,1,1,1,0,0,1,0,1,0,0,0,0,0,1,0,0,1,0,0,0,1,0,0,0,1,1,0,1,1,0,0,0,1,1,1,0,0,1,0,1,1,0,0,0,1,1,0,0,1,0,0,0,1,0,0,1,0,0,1,1,0,0,0,0,0,0,1,1,1,0,1,0,0,1,1,0,1,1,1
  256,22,0,0,0,0,1,1,1,0,0,1,1,1,0,1,0,0,0,0,0,0,0,1,0,0,1,1,0,0,0,0,0,0,1,0,0,0,1,0,0,1,0,0,0,0,1,0,0,1,1,1,0,1,1,1,0,0,0,0,0,1,0,1,0,1,0,0,0,1,0,1,0,1,0,1,0,0,0,0,0,1,0,1,1,0,0,1,1,0,1,0,1
  257,23,0,1,1,1,0,1,1,0,0,1,1,0,0,1,1,0,0,1,1,0,0,0,1,0,1,1,0,0,1,0,0,0,0,1,0,0,0,1,0,1,1,0,0,0,1,1,1,0,1,1,0,0,1,1,0,0,1,1,0,1,1,1,0,1,1,0,0,0,1,1,1,1,0,1,0,0,0,1,0,0,0,0,1,0,1,1,1,0,0,1,0
  258,23,0,1,1,1,0,0,1,0,0,0,1,1,0,1,1,0,1,1,0,0,0,0,0,0,0,1,0,1,1,1,0,0,1,1,0,1,0,1,1,0,1,0,1,0,1,1,0,1,1,1,0,0,1,0,0,1,1,0,1,0,0,1,0,1,0,1,0,0,0,0,1,1,0,1,0,0,1,1,1,0,0,1,1,0,1,0,1,0,1,1,1
  259,21,0,1,1,1,0,1,1,0,1,1,1,1,1,1,1,0,0,1,1,1,1,0,0,0,1,1,0,1,0,0,0,0,1,0,1,0,1,1,1,0,1,0,1,0,0,1,0,1,1,1,0,0,1,1,0,1,1,1,1,0,1,1,0,0,1,0,1,0,0,0,1,1,1,0,0,0,0,1,1,1,1,1,1,0,1,1,1,1,1,1,1
  260,24,0,1,1,1,0,0,1,0,0,1,0,1,0,0,1,0,1,1,1,1,0,1,0,0,1,0,0,0,0,0,0,0,1,0,1,0,0,1,1,1,1,0,1,0,1,0,0,1,1,1,0,0,1,1,0,1,0,1,1,0,0,1,0,1,1,0,0,1,0,0,1,1,1,1,0,0,0,0,0,0,1,1,0,0,0,1,0,0,1,1,1
  261,25,0,1,0,1,0,0,1,1,0,1,1,1,1,1,1,1,0,0,0,1,0,1,0,0,0,1,0,1,0,0,0,0,1,0,1,1,0,1,1,0,0,0,0,0,0,1,0,0,1,1,1,1,1,1,0,1,0,1,1,0,1,1,1,0,0,0,0,1,1,0,0,1,0,1,0,0,0,1,0,0,1,1,1,0,0,0,0,0,0,1,1
  262,27,0,0,1,1,0,0,1,1,0,1,0,1,1,1,1,0,0,0,1,1,0,1,0,1,1,1,0,1,0,1,0,1,0,1,1,0,0,1,1,1,0,0,1,0,1,1,0,0,1,0,0,1,0,1,1,1,0,1,1,0,0,1,0,0,0,1,1,1,1,0,0,1,1,1,0,0,0,1,1,0,1,1,1,0,1,1,0,0,1,0,1
  263,28,0,1,1,0,0,0,0,0,1,0,0,1,1,1,0,0,1,0,1,0,0,1,0,0,0,1,0,1,0,1,0,1,0,0,0,1,1,1,1,1,0,0,0,0,1,0,0,1,0,1,0,1,1,1,0,0,0,0,1,1,1,1,0,1,0,1,0,0,0,0,0,1,0,1,0,0,0,1,1, ,1,1,1,0,1,1,0,0,0,1,1
  264,27,0,1,1,1,0,0,1,0,0,1,0,1,1,1,0,0,0,1,0,1,0,1,0,0,0,0,0,0,0,0,0,0,1,0,1,1,0,1,0,1,0,0,1,0,1,0,0,0,1,0,0,0,1,1,1,1,0,1,0,0,0,1,1,0,0,0,0,1,0,0,0,1,1,0,0,0,0,0,1,0,1,1,0,0,1,1,0,0,1,1,1
  265,26,0,1,1,1,0,0,1,0,0,1,1,1,1,1,1,0,0,1,0,1,1,1,0,0,0,1,0,1,0,0,0,0,1,0,1,1,0,1,1,0,1,0,0,0,1,1,0,1,0,1,0,0,1,1,1,1,1,0,0,0,1,1,0,0,0,0,0,1,0,0,1,1,1,1,0,0,0,0,1,0,1,0,1,0,0,0,1,0,0,1,1
  266,27,0,1,1,1,0,1,1,1,0,1,1,1,1,1,0,1,0,1,1,1,0,0,0,1,0,1,0,0,0,0,0,0,1,1,1,0,0,0,1,0,1,0,0,0,1,0,0,0,0,1,0,1,1,1,0,1,0,1,0,0,0,1,0,0,0,0,1,0,0,0,0,1,1,1,0,0,0,0,1,1,1,0,1,0,1,0,0,0,0,1,1
  267,24,0,1,0,0,0,1,0,1,1,1,1,1,0,1,1,0,1,1,0,0,1,1,0,0,1,1,0,0,1,0,0,0,1,0,0,1,1,1,0,1,1,0,0,0,1,1,1,0,1,1,0,0,1,1,0,1,0,1,0,1,1,1,0,0,1,0,1,0,1,0,1,1,0,1,0,0,0,0,1,0,1,1,1,0,0,1,1,0,0,1,1
  268,24,0,0,0,1,0,1,1,0,0,1,1,1,1,1,1,1,0,1,1,1,0,0,0,0,1,0,0,1,0,0,0,0,1,0,0,1,1,1,0,1,0,0,0,0,1,0,0,0,1,0,0,1,1,1,0,0,0,1,1,1,1,1,0,1,0,0,0,0,0,0,0,1,1,1,0,0,0,0,0,1,1,1,1,0,1,1,1,0,1,0,1
  269,21,0,0,0,0,0,1,0,0,1,1,1,1,1,1,1,0,0,1,1,0,1,0,0,0,1,1,0,0,1,0,0,0,1,1,0,1,1,1,0,1,1,0,0,0,1,0,1,0,1,1,0,0,1,1,0,1,1,0,0,1,1,1,1,1,1,0,0,1,0,0,1,1,0,1,1,0,0,0,1,1,0,0,1,0,0,0,1,0,1,1,1
  270,25,0,1,0,1,0,0,0,0,0,1,1,1,0,1,1,0,0,1,0,1,0, ,0,0,1,0,0,1,0,1,1,1,1,0,1,1,0,1,1,1,0,0,0,1,1,0,1,1,1,1,0,1,1,1,1,1,0,0,1,1,0,1,1,0,1,0,1,0,0,0,1,1,1,1,0,1,0,0,0,0,1,1,0,0,1,1,1,1,1,1,1
  271,23,0,1,1,1,0,1,1,1,0,0,1,1,1,1,1,0,1,1,1,1,0,0,0,0,1,1,0,0,1,0,0,0,1,0,0,0,0,1,0,0,0,0,0,0,1,1,1,0,1,1,0,1,1,1,0,0,1,0,0,0,1,1,0,0,1,0,0,1,0,0,1,0,0,1,1,0,0,0,0,0,0,1,1,0,1,1,1,0,1,1,1
  272,25,0,1,1,1,0,0,1,1,0,1,1,1,1,1,0,1,0,1,0,1,0,1,0,1,1,1,0,1,1,0,0,1,1,0,1,1,1,1,1,1,1,1,1,0,1,1,0,0,1,1,1,1,1,1,1,0,1,0,1,1,1,1,0,0,1,0,0,1,1,0,1,1,0,1,1,1,0,1,1,0,1,1,0,1,1,0,1,0,1,1,1
  273,25,0,0,1,0,0,0,1,0,0,1,1,1,1,1,0,0,0,1,1,1,1,1,0,0,1,0,0,0,0,0,0,1,1,0,1,0,0,1,1,0,0,0,0,0,1,1,0,1,1,1,0,0,1,1,0,0,1,0,0,0,1,1,0,1,0,0,1,0,0,1,1,1,1,0,0,0,0,0,1,1,1,1,0,0,1,1,0,0,1,0,1
  274,24,0,1,1,0,0,1,1,0,0,1,1,1,0,1,1,0,0,1,1,0,0,0,0,0,0,0,0,0,0,1,0,0,1,0,0,1,1,1,0,0,1,0,0,0,0,1,0,0,0,1,0,0,1,1,0,1,1,1,0,0,1,1,0,0,0,0,0,1,0,0,1,1,0,0,0,0,0,0,1,0,0,1,0,0,0,0,1,0,0,1,1
  275,19,0,1,1,1,1,1,1,1,0,0,1,1,0,0,1,0,1,1,0,0,0,0,0,0,0,1,0,0,1,0, ,0,1,1,0,0,1,1,1,1,1,0,0,0,1,1,1,1,1,1,0,1,1,1,0,1,0,0,1,1,1,1,0,1,0,0,0,1,0,1,1,1,0,1,0,0,0,0,0,1,0,1,1,0,1,1,1,0,1,1,1
  276,30,0,0,1,1,0,1,1,1,0,1,1,1,1,1,0,0,0,1,1,1,0,0,0,0,0,1,0,0,0,0,0,0,1,0,1,1,1,1,1,0,1,0,0,0,1,1,0,1,0,1,0,0,1,1,1,1,1,1,0,0,0,1,0,0,0,0,0,0,1,0,1,1,0,0,0,0,0,0,1,0,1,1,1,0,0,1,1,0,1,1,1
  277,30,0,0,1,0,0,0,1,0,0,1,0,1,1,1,1,1,0,0,1,1,0,1,0,0,1,1,0,0,0,1,0,0,0,0,0,1,0,1,0,0,0,0,1,0,1,0,1,0,1,0,0,0,0,1,0,0,0,1,0,0,0,1,0,0,0,0,0,0,0,1,0,1,0,1,0,0,0,0,1,0,1,1,0,0,0,1,0,0,1,1,1
  278,26,0,1,1,0,0,1,0,1,1,1,0,0,0,0,0,1,1,1,0,0,0,0,0,1,1,1,0,0,0,1,0,1,1,0,1,0,1,1,1,1,0,0,0,0,1,0,0,1,1,1,1,1,1,1,1,0,1,0,1,1,1,1,1,0,0,0,0,0,0,1,1,1,1,1,1,1,0,1,0,0,1,1,0,0,1,1,0,0,1,0,1
  279,30,0,1,1,1,0,1,1,0,1,1,1,1,1,1,1,0,0,1,0,1,0,0,0,1,1,1,0,1,1,1,1,0,1,0,0,0,1,1,1,1,1,0,0,0,1,1,0,1,1,1,0,1,1,1,0,0,1,1,0,1,1,1,0,0,1,0,1,1,0,1,1,1,1,1,0,0,0,0,0,0,0,1,1,0,1,1,1,1,1,1,1
  280,29,0,1,0,1,1,1,1,1,0,1,1,1,0,1,0,0,0,1,1,1,1,1,0,1,0,1,0,1,0,1,0,1,1,0,1,1,1,1,1,1,1, ,1,1,1,0,1,1,1,1,0,0,1,1,1,1,0,1,1,1,0,1,0,1,0,0,0,1,0,1,1,1,1,1,0,1,0,1,1,0,1,1,1,0,1,1,1,1,1,1,1
  281,30,0,1,1,1,1,1,1,1,1,1,1,1,1,1,0,0,0,1,1,1,0,0,0,0,1,1,0,1,0,0,0,0,1,0,0,1,1,1,1,1,1,0,0,0,1,0,0,1,1,1,0,0,1,1,0,1,1,1,0,0,1,1,0,1,0,0,1,0,1,1,0,1,1,1,0,0,1,0,1,0,1,1,1,1,1,1,0,0,1,1,0
  282,26,0,0,1,1,0,0,1,0,0,1,0,1,1,0,0,1,0,1,0,1,0,1,0,1,0,1,1,0,0,1,0,1,0,0,1,1,0,1,0,1,0,1,0,0,1,1,0,1,1,0,0,0,0,1,0,0,0,1,0,1,0,1,0,0,0,0,1,1,0,0,1,1,1,1,0,0,1,1,1,0,1,1,0,0,1,1,1,0,1,1,1
  283,26,0,0,1,0,0,0,1,1,0,1,0,1,0,1,0,0,0,0,0,0,1,1,0,0,0,0,0,1,0,1,0,1,1,0,1,1,0,1,1,0,0,0,1,0,1,1,0,0,0,0,0,0,0,1,0,1,1,1,0,0,0,1,1,0,0,0,1,0,0,0,0,1,1,0,0,0,0,0,1,0,1,1,0,0,0,0,0,0,0,1,1
  284,26,0,1,1,0,0,0,1,1,0,1,1,1,1,1,1,0,0,1,1,0,0,0,0,0,0,1,0,1,1,1,0,0,1,0,1,1,1,1,0,1,1,0,0,0,0,1,0,0,1,1,0,1,1,1,0,0,0,0,0,0,1,1,0,0,1,0,0,1,1,0,1,1,0,1,0,0,0,0,0,0,0,1,1,0,0,1,1,0,1,1,1
  285,27,0,1,1,1,1,1,1,1,1,1,0,1,1,1,0,1,0,0,1,1,0, ,0,1,1,0,0,1,1,0,1,1,1,1,1,1,0,0,1,1,1,0,0,0,1,1,0,1,1,1,1,1,1,1,0, ,0,1,1,1,0,1,1,1,0,1,1,0,1,0,0,1,1,1,0,1,1,1,0,0,1,1,1,0,1,1,0,0,1,1,1
  286,29,0,1,1,0,0,0,1,0,0,0,1,1,0,1,1,0,0,1,0,0,0,0,0,0,0,1,0,0,0,0,0,0,1,0,0,0,0,1,0,0,1,0,0,0,1,0,0,0,1,1,0,1,1,1,0,1,1,0,0,0,1,1,0,1,1,0,0,0,0,0,1,1,0,1,0,0,0,0,0,0,0,1,0,0,0,1,1,0,1,1,1
  287,25,0,1,1,0,1,1,0,1,0,1,1,1,0,1,1,0,1,1,0,0,1,1,0,0,0,0,0,0,1,1,0,0,1,0,0,1,1,1,1,0,1,0,0,0,1,0,0,0,0,1,0,0,1,0,0,1,0,0,1,0,1,1,0,0,0,0,0,0,0,0,1,1,1,1,0,0,0,0,1,1,1,1,1,0,0,1,1,0,1,0,1
  288,35,0,0,1,1,0,0,1,1, ,1,1,1,1,1,1,0,0,1,1,0,0,0,0,0,0,1,0,0,0,1,0,1,1,0,1,0,0,1,1,1,1,0,1,0,0,0,0,1,1,0,0,0,1,1,1,1,0,0,0,0,1,1,1,0,0,0,1,1,1,0,0,1,1,1,0,0,0,1,0,0,1,0,1,1,1,1,1,0,1,1,0
  289,22,0,1,1,0,0,0,1,1,1,0,0,1,1,1,0,0,0,0,1,1,0,1,0,1,0,1,0,1,0,1,0,0,0,0,1,0,0,1,1,0,0,0,1,0,0,1,1,1,0,1,0,1,1,1,0,1,0,1,1,0,0,1,0,0,1,0,1,0,1,0,0,1,1,1,0,0,0,0,1,0,1,1,1,0,1,1,1,0,1,1,1
  290,27,0,1,1,0,0,0,1,0,0,1,1,1,1,1,1,0,0,1,0,0,1,0,0,0,0,1,0,1,0,0,0,0,1,0,0,1,1,1,1,0,1,0,1,0,0,1,0,1,1,1,0,0,1,1,0,1,1,1,1,0,0,1,0,0,1,0,1,0,1,1,0,1,0,1,0,0,0,0,1,0,1,0,0,0,1,0,1,0,1,1,0
  291,32,0,1,1,1,1,1,1,1,0,0,1,1,1,0,0,1,1,1,1,1,1,1,0,1,1,1,0,1,1,1,0,1,1,0,1,0,0,1,1,0,1,1,1,0,1,0,0,1,0,1,0,0,1,1,1,1,1,0,1,1,0,1,1,1,0,1,1,0,0,1,0,1,1,1,1,1,1,1,1,0,0,1,1,1,1,1,0,0,1,1,1
  292,29,0,1,1,1,1,0,1,1,1,1,1,1,1,1,1,1,1,1,0,1,0,1,0,1,1,1,0,1,1,1,0,0,1,0,0,0,1,1,1,1,0,0,1,0,1,1,0,1,1,1,0,1,1,1,0,1,0,1,0,1,0,1,0,1,1,1,1,1,0,0,1,1,0,1,0,0,0,0,0,0,1,1,1,0,1,1,1,1,1,1,1
  293,37,0,1,1,1,0,1,1,1,1,1,1,1,1,1,0,0,1,1,1,1,1,1,0,0,1,0,0,1,1,1,1,1,1,0,1,1,1,1,1,1,1,1,1,0,1,1,0,1,0,1,0,0,0,1,0,1,1,1,1,1,1,1,0,0,1,1,1,1,0,1,1,1,1,0,1,1,1,0,1,1,1,1,0,0,1,1,1,1,1,1,1
  294,35,0,1,1,1,0,1,1,1,0,1,1,1,1,1,0,0,0,0,1,1, ,1,0,1,0,0,0,1,0,1,0,1,1,1,1,0,0,1,1,1,0,1,1,0,1,0,0,1,1,1,0,1,1,1,1,1,0,1,1,0,1,1,0,1,0,1,0,1,1,0,0,1,1,1,0,0,1,1,1,0,1,1,0,0,1,1,1,0,1,1,1
  295,30,0,1,1,0,1,0,1,1,1,0,1,1,0,1,1,0,0,1,1,1,0,0,0,0,0,1,0,0,1,1,0,0,1,0,0,0,0,1,0,0,1,0,0,0,1,1,0,1,1,1,0,0,1,1,0,1,1,1,0,1,1,1,0,1,0,0,0,0,1,0,1,1,0,1,0,0,0,0,1,0,1,1,1,0,1,1,1,0,0,1,1
  297,43,0,1,1,0,1,0,1,0,0,1,1,1,1,1,1,1,0,1,0,1,1,0,0,0,0,0,0,1,0,1,0,1,1,0,1,0,0,1,1,0,1,1,1,0,0,1,0,1,0,0,0,0,1,1,0,1,0,1,0,0,1,1,0,0,0,0,0,0,0,0,1,1,1,1,0,1,0,0,0,0,1,1,0,0,0,0,0,0,1,1,0
  298,37,0,1,1,1,0,0,1,0,1,1,1,1,1,1,1,0,0,1,1,0,0,0,0,0,0,1,0,0,0,1,0,0,1,0,1,1,0,1,1,0,0,0,0,0,1,0,0,1,1,1,0,0,1,1,0,1,0,0,0,0,0,1,1,0,0,0,1,1,0,1,1,1,0,1,0,0,0,0,1,0,1,1,1,0,1,1,0,0,0,1,1
  299,28,0,1,1,1,0,1,1,1,0,0,0,1,1,1,1,0,0,1,1,1,0,0,0,0,0,0,0,0,1,0,0,1,1,0,1,1,0,1,1,0,1,1,0,0,0,1,0,0,1,1,1,0,1,1,1,1,1,1,1,0,0,1,1,0,0,0,1,0,1,0,1,1,0,1,0,1,0,1,1,1,0,1,0,0,1,1,1,0,1,1,1
  300,35,0,0,0,1,0,1,1,1,1,1,0,1,1,1,1,0,1,1,1,1,0,1,0,0,1,0,0,0,0,1,0,0,0,0,0,1,0,1,1,0,1,0,1,0,1,1,0,1,1,1,0,0,1,1,0,1,0,1,1,0,1,1,0,1,0,0,0,0,0,0,1,1,0,1,0,0,0,0,1,0,1,1,1,0,1,0,0,0,1,1,1
  301,19,0,0,1,0,0,1,1,1,1,1,1,1,1,1,1,0,1,0,1,1,0,1,0,1,0,1,0,1,0,1,0,1,1,0,1,0,0,0,1,0,0,1,0,0,1,1,1,0,1,1,0,1,0,1,0,1,0,1,1,1,0,1,0,1,0,0,0,0,0,0,0,1,1,1,0,1,1,1,0,1,1,1,1,0,1,1,1,0,1,1,0
  302,52,0,0,1,1,0, ,1,1,0,1,1,1,1,1,0,0,0,0,0,1,0,1,0,0,0,0,0,0,0,1,0,1,0,0,0,0,0,1,1,0,0,0,0,0,1,0,1,0,1,0,0,1,0,1,0,1,1,1,1,0,1,1,0,0,0,0,0,1,1,0,0,1,1,1,0,1,0,0,0,0,1,0,0,0,0,0,1,0,1,1,1
  303,27,0,1,1,1,1,1,1,1,1,1,1,1,1,1,1,1,1,1,1,1,0,1,0,1,1,1,1,1,1,1,0,1,1,1,1,0,0,1,1,1,1,1,1,0,1,1,0,1,1,1,0,1,1,1,1,1,1,1,1,1,1,1,1,1,1,0,1,1,1,1,0,1,1,1,0,1,1,1,1,1,1,1,1,0,1,1,0,1,1,1,1
  304,34,0,0,1,1,1,0,1,1,0,1,0,1,1,1,0,0,0,0,1,1,0,0,0,0,0,0,0,0,0,1,0,0,0,0,1,0,0,1,1,0,0,0,1,0,1,0,0,1,1,0,0,0,0,1,1,1,0,1,1,0,0,1,0,0,0,1,0,0,0,0,1,1,1,1,0,0,1,0,1,0,1,1,0,0,0,1,0,0,1,1,1
  305,32,0,1,1,0,0,0,1,0,0,1,1,1,1,1,1,0,0,1,1,1,1,1,0,0,0,1,0,0,0,1,1,0,1,0,0,1,0,1,0,0,1,0,1,0,0,1,0,1,0,1,0,1,1,1,0,1,1,0,0,0,1,1,0,0,1,0,0,0,0,0,1,1,0,0,0,0,0,0,1,1,0,1,0,0,0,1,1,0,1,1,1
  306,40,0,0,0,1,0,0,1,1,0,1,1,1,1,0,1,1,1,0,0,1, ,1,0,1,1,0,1,1,1,1,0,1,0,0,1,0,0,1,1,0,0,1,1,0,1,0,0,1,1,0,0,0,1,1,0,1,0,0,1,1,1,1,1,1,1,0,1,1,1,0,1,1,0,1,0,1,1,1,0,1,1,1,1,1,1,1,0,0,1,0,1
  307,31,0,1,1,1,0,0,1,0,0,1,1,1,1,1,1,0,0,1,1,1,1,0,0,0,1,1,0,0,0,0,0,0,1,0,0,1,1,1,0,0,1,0,1,0,1,1,0,0,1,1,0,1,1,1,0,1,1,1,0,1,1,1,0,1,1,0,0,1,0,0,1,1,0,1,0,0,0,0,1,1,1,1,1,0,0,1,1,0,1,1,1
  308,19,0,0,1,0,1,0,1,0,0,1,1,1,1,1,0,0,0,1,1,1,0,1,0,0,1,1,0,0,0,0,0,1,1,0,1,1,0,1,1,1,0,0,1,0,1,0,0,1,1,1,0,0,1,1,0,0,1,1,0,0,0,1,0,1,0,0,1,1,0,0,0,1,0,1,0,1,1,1,1,0,1,1,0,0,0,1,0,1,1,1,1
  309,37,0,1,1,1,0,1,1,0,0,1,1,1,0,1,1,0,0,1,1,1,1,1,0,1,0,1,0,1,1,0,0,1,1,1,1,1,1,1,1,1,1,0,0,0,1,1,0,1,1,1,0,0,1,1,0,1,1,0,1,0,0,1,0,0,0,0,1,1,1,0,1,1,1,1,0,0,0,1,1,1,1,1,1,0,1,1,1,0,1,1,1
  310,38,0,1,1,1,0,1,1,0,0,1,1,1,1,1,0,1,0,1,0,1,0,0,0,1,0,1,0,0,0,1,0,0,1,0,1,1,1,1,1,1,1,0,0,0,0,0,0,1,0,1,0,1,1,1,0,0,0,1,1,0,1,1,0,0,0,0,0,0,0,0,0,1,0,0,0,1,0,0,1,1,0,0,1,0, ,1,0,0,1,1,1
  311,36,0,0,1,0,0,0,1,0,0,1,1,1,0,1,0,0,0,1,0,0,1,0,0,0,0,0,0,0,0,0,0,0,0,0,0,1,0,1,1,1,1,0,0,0,0,0,0,0,0,1,0,0,1,1,0,0,1,0,0,0,1,1,0,0,0,0,0,1,0,0,1,1,0,1,0,0,0,0,1,0,0,1,1,0,1,0,0,0,0,1,1
  312,42,0,1,1,0,0,0,1,0,0,1,1,1,0,1,0,0,0,0,0,0,1,1,0,0,1,0,0,1,0,1,0,1,0,0,0,1,1,1,1,1,0,0,1,0,0,0,0,0,0,0,0,0,0,1,0,0,0,1,1,0,1,1,0,0,0,0,0,0,1,1,1,1,0,1,0,0,0,0,1,0,1,0,0,0,1,1,0,0,0,1,1
  313,33,0,1,1,0,0,1,1, ,0,1,1,1,1,1,1,0,0,1,1,1,0,1,0,1,0,1,0,1,0,1,0,0,1,0,1,0,0,1,1,0,1,0,0,0,0,0,0,1,1,1,0,1,1,1,0,1,0,1,0,0,0,1,1,0,0,0, ,1,0,0,0,1,1,1,0,0,0,0,0,0,1,1,0,0,0,1,1,0,0,1,1
  314,20,0,1,1,0,1,1,1,1,1,1,1,1,0,0,0,0,1,1,1,0,0,0,0,0,1,1,0,0,1,0,0,0,1,0,0,0,0,1,1,1,1,0,0,0,1,0,1,1,1,1,0,1,1,1,0,0,0,0,0,1,0,1,0,1,1,0,0,1,1,0,1,1,0,1,0,0,0,0,0,0,0,1,1,0,1,1,0,0,1,0,0
  315,44,0,1,1,1,0,1,1,1,1,1,1,1,1,0,1,1,1,1,1,1,0,0,0,1,1,0,0,0,1,0,0,0,1,0,0,0,1,1,0,1,1,0,0,0,1,1,0,0,1,1,0,1,1,0,0,1,1,1,1,1,1,1,0,1,0,0,0,1,1,0,1,1,1,1,0,0,0,1,0,1,1,1,0,0,1,1,1,0,1,0,1
  316,55,0,1,1,1,0, ,1, ,1,1,0,1,0,1,1,0,0,1,1,0,0,1,0,0,1,1,0,0,1,1,0,1,0,0,1,1,1,1,0,1,0,1,1,0,1,0,0,0,1,1,0,1,1,1,1,0,1,1,1,0,1,1,0,1,0,0,1,0,0,1,0,1,1,1,0,1,0,1,0,0,1,1,1,0,1,1,0,0,1,1,1
  317,26,0,1,1,1,0,1,1,1,0,1,1,1,1,1,1,0,0,1,0,0, ,0,0,1,0,1,0,1,0,1,0,0,1,1,1,1,1,1,0,1,1,0,0,0,1,1,1,1,1,1,0,1,1,1,1,1,1,1,1,1,1,1,1,0,0,0,1,1,0,1,1,1,1,1,0,0,0,0,1,0,0,1,1,0,1,1,1,0,1,1,1
  318,26,0,1,1,0,0,1,1,0,0,0,1,1,1,1,1,1,1,1,1,1,0,1,0,1,1,1,0,0,1,0,0,0,1,1,1,0,0,1,0,1,0,0,0,0,1,1,0,1,1,1,0,1,0,1,0,0,1,0,1,1,0,1,0,1,0,0,0,1,0,1,1,1,0,1,0,0,0,0,0,1,1,1,1,0,0,1,1,0,1,1,1
  319,34,0,1,1,0,0,1,1,0,0,1,1,1,1,1,0,0,0,1,1,0,0,1,0,1,0,1,0,1,0,0,0,1,1,1,1,0,1,1,1,1,1,1,0,0,1,1,0,1,1,1,0,1,1,1,1,1,1,1,1,0,0,1,0,1,1,0,0,1,0,1,1,1,1,1,0,0,0,0,0,0,0,1,1,0,1,0,1,0,0,1,1
  320,33,0,0,1,1,0,0,1,1,1,1,0,1,1,1,0,1,1,0,0,1,0,1,0,1,1,0,0,1,0,1,0,1,0,0,1,0,0,1,1,0,0,1,1,0,1,0,0,1,1,0,1,0,0,1,1,0,0,1,1,0,0,1,1,0,1,0,1,1,1,1,0,1,1,0,0,1,1,1,0,0,1,1,0,0,1,1,0,1,1,1,1
  321,39,0,0,1,0,0,0,1,0,1,1,0,1,1,1,0,0,0,1,0,1,0,1,0,0,1,1,0,0,0,1,0,0,1,0,0,1,1,1,1,1,1,0,1,0,0,0,0,0,0,0,0,0,1,1,0,0,0,1,0,0,0,1,0,0,0,0,0,1,0,0,1,1,0,0,0,0,0,0,1,0,1,1,1,0,0,1,0,0,0,1,1
  322,29,0,0,1,1,0,0,1,1,0,1,0,1,1,0,1,0,0,1,1,1,0,0,0,0,0,1,0,1,0,0,0,0,1,0,1,0,0,1,1,1,1,1,1,0,0,0,0,1,1,1,0,1,1,1,0,1,0,1,1,0,0,1,1,0,0,0,0,1,1,0,0,1,0,0,0,0,1,1,1,0,1,1,1,0,1,1,1,0,0,1,0
  323,34,0,1,1,0,1,0,1,0,1,1,1,1,1,1,1,0,0,0,1,0,1,1,0,0,1,0,0,0,0,1,0,0,1,0,0,0,0,0,0,1,0,0,0,0,0,0, ,1,0,1,0,0,1,1,0,1,0,1,0,1,0,1,0,0,0,0,0,0,0,0,0,1,0,0,0,0,0,0,1,0,0,1,0,0,0,1,0,0,1,1,0
  324,32,0,0,1,0,1,0,0,0,0,1,1,1,1,1,0,0,0,0,0,0,1,1,0,0,0,0,1,1,0,1,0,0,1,0,0,1,1,1,0,0,0,0,0,0,0,0,0,1,0,0,1,0,0,1,0,1,1,1,0,0,1,1,0,0,0,0,0,1,0,1,0,1,1,1,0,0,0,0,1,0,0,0,0,0,1,1,1,0,1,1,0
  325,34,0,1,0,0,0,0,0,1,0,1,1,1,0,1,0,0,1,1,1,0,1,0,0,0,1,0,0,0,0,1,0,0,1,0,0,0,0,0,1,1,0,0,1,0,1,0,0,1,1,0,0,1,1,1,0,0,0,1,0,1,0,1,0,1,0,0,0,0,0,0,1,1,0,1,0,0,0,0,0,0,0,1,0,0,1,1,1,0,1,1,1
  326,35,0,1,1,1,0,0,0,0,1,1,1,1,1,1,1,0,0,1,0,0,1,1,0,0,0,1,0,1,0,0,1,0,1,0,1,1,1,1,1,1,1,0,0,0,1,0,0,1,1,1,0,0,1,1,0,1,0,1,0,0,0,1,0,0,1,0,0,0,1,0,1,1,0,1,1,0,0,0,0,0,1,0,1,0,1,1,1,0,1,1,1
  327,33,0,1,1,0,0,0,1,0,0,1,1,1,1,1,1,0,0,1,1,1,1,0,1,0,1,1,0,0,0,1,0,0,1,0,0,0,1,1,0,1,1,0,0,0,1,1,0,0,0,1,0,1,1,1,0,0,1,1,0,0,1,1,0,1,0,0,0,1,0,0,1,1,0,1,0,0,0,0,1,0,1,1,1,0,1,1,1,0,1,1,1
  328,32,0,1,1,1,0,0,1,0,0,1,1,1,0,1,0,0,0,1,1,0,1,0,0,1,0,0,0,0,0,1,0,0,1,0,0,0,0,1,0,0,1,0,0,0,1,0,1,0,0,1,0,0,1,0,0,1,1,0,0,0,1,1,0,1,0,0,0,1,0,0,1,1,0,1,0,0,0,0,0,0,0,0,0,0,1,1,1,0,0,1,1
  329,20,0,1,1,1,0,1,1,0,0,1,1,1,0,1,1,1,1,1,1,1,1,1,0,1,0,1,0,1,0,0,0,1,1,0,0,0,1,1,1,0,1,0,1,0,0,1,0,1,0,1,0,1,1,1,0,1,1,1,0,0,1,1,0,0,1,0,1,1,0,0,1,0,0,1,0,1,1,0,1,0,1,1,1,0,0,0,1,0,1,1,1
  330,19,0,1,1,1,0,0,1,0,0,1,1,1,1,1,1,0,0,1,1,1,1,1,0,1,0,0,0,1,0,0,0,1,1,0,1,0,0,1,1,1,1,0,0,0,0,0,1,0,0,0,0,0,1,1,1,1,0,0,0,1,1,1,0,0,1,0,0,1,0,0,1,1,1,1,0,0,0,1,1,0,1,1,1,0,0,1,1,0,1,1,1
  331,23,0,1,1,1,0,1,1,1,1,1,1,1,0,1,1,0,0,1,1,0,0,0,0,0,1,1,0,0,1,0,0,0,1,1,1,0,1,1,1,1,1,0,0,0,1,1,0,1,1,1,0,1,1,0,0,1,1,1,1,1,1,1,0,0,1,0,0,0,0,1,1,1,0,1,0,0,0,0,0,0,0,1,0,0,1,1,1,1,1,1,1
  332,32,0,0,1,1,0,0,1,1,0,1,0,1,1,1,0,1,1,1,1,1,0,1,0,1,1,0,0,0,1,1,0,0,0,0,1,1,0,1,1,1,1,1,0,0,1,0,0,1,1,1,0,0,1,1,0,1,1,1,1,0,0,1,0,0,0,0,0,0,0,0,0,1,1,1,0,0,1,0,0,0,0,1,0,0,1,1,0,1,1,1,0
  333,29,0,0,0,0,1,0,0,0,1,1,1,1,1,1,0,0,0,1,1,0,1,1,0,0,1,0,0,0,0,1,0,1,1,0,0,1,1,1,1,1,1,0,1,0,1,1,1,0,0,0,1,0,1,1,1,1,1,1,0,0,1,1,0,0,0,0,0,0,0,0,1,1,0,0,0,0,0,0,0,0,0,1,0,0,0,1,1,0,1,1,1
  334,27,0,1,1,0,0,0,1,1,0,1,1,1,1,1,1,0,0,1,1,1,0,1,0,0,0,1,0,0,0,0,0,0,1,0,0,1,0,1,1,0,1,0,1,0,0,0,0,0,0,1,0,0,1,1,1,1,1,1,1,0,1,1,0,1,1,0,0,1,0,0,1,1,1,1,0,0,0,0,0,0,1,1,1,0,1,1,1,0,1,1,1
  335,30,0,0,1,0,0,1,1,0,0,1,1,1,0,1,1,0,0,1,1,0,0,0,0,0,1,1,0,1,0,0,0,1,0,0,0,0,0,1,0,1,1,0,0,0,1,0,0,1,1,1,0,1,1,1,0,0,0,0,0,0,1,1,0,0,0,0,0,1,0,1,0,1,0,1,0,0,0,0,0,1,1,1,1,0,1,1,0,0,0,0,1
  336,38,0,0,1,1,1,0,1,1,0,1,1,1,1,1,0,1,0,1,0,1,0,1,0,1,0,0,0,1,0,0,0,1,1,0,1,1,1,1,1,0,1,1,1,0,0,0,0,1,0,1,0,0,1,1,1,0,0,1,1,0,0,1,1,0,0,0,0,0,0,0,0,1,1,0,0,1,0,0,1,0,1,1,0,0,1,1,0,1,1,1,1
  337,39,0,1,1,1,0,0,1,1,1,0,0,1,0,0,1,1,0,1,1,1,0,0,0,1,1,1,0,1,0,0,1,1,0,0,0,0,0,0,1,0,0,1,1,1,1,0,0,1,1,1,0,0,1,0,1,0,0,1,1,1,0,1,1,0,0,1,1,0,1,0,0,1,0,1,0,1,1,1,0,0,1,1,1,0,1,1,0,1,1,1,1
  338,35,0,1,1,0,0,1,1,1,0,0,1,1,1,1,1,0,0,1,1,1,1,0,0,0,0,1,0,1,1,0,1,0,1,0,1,0,0,1,1,0,1,0,0,0,1,1,0,0,1,1,0,1,1,1,1,0,0,1,0,0,1,1,0,0,0,0,0,0,1,1,1,1,1,0,0,0,0,0,1,1,1,0,1,0,0,1,1,0,1,1,1
  339,34,0,0,1,1,1,0,1,1,0,1,1,1,1,1,0,0,0,1,1,1,0,0,0,0,0,0,0,0,0,1,0,0,1,0,1,1,0,1,1,0,1,1,1,0,1,1,1,1,0,0,0,1,1,1,1,1,0,0,1,1,1,1,1,0,1,0,0,1,0,1,0,1,1,1,0,0,0,1,1,0,1,1,1,0,1,1,1,1,1,1,1
  340,27,0,0,0,1,1,1,1,1,1,0,1,1,1,1,1,1,1,1,0,1,0,0,0,1,1,1,1,1,1,0,0,1,1,0,1,0,1,1,1,0,1,0,0,0,1,0,0,1,1,1,0,1,1,1,0,0,0,1,0,1,1,0,0,1,1,0,1,1,1,0,1,1,1,1,0,0,0,0,0,1,1,1,1,0,0,1,1,0,1,1,1
  341,32,0,1,1,1,0,0,1,1,1,1,0,1,1,1,0,0,0,1,1,1,1,0,0,1,0,0,0,1,0,1,1,1,0,0,1,1,0,1,1,0,1,1,1,0,1,0,0,1,1,1,0,0,0,1,0,1,0,1,1,0,1,1,0,1,0,0,0,0,0,0,1,1,1,1,0,1,1,1,1,1,1,1,1,0,1,1,0,0,1,1,1
  342,34,0,1,0,0,1,0,1,1,0,0,1,1,1,1,0,0,0,0,1,1,1,0,0,0,0,0,1,1,0,1,0,0,1,0,0,1,0,1,0,1,1,1,0,0,0,0,0,1,0,0,0,0,1,1,1,1,1,0,0,1,0,1,0,0,0,0,0,1,1,1,1,1,1,1,0,1,0,0,1,0,1,1,0,0,1,1,1,0,1,1,0
  343,36,0,1,1,1,0,0,1,0,0,1,1,1,0,1,0,0,0,1,1,0,0,0,0,0,1,0,0,1,0,1,0,1,1,0,1,1,1,1,1,1,0,1,0,0,1,0,0,1,1,1,0,0,1,1,0,1,1,0,0,0,0,1,0,1,0,0,0,1,0,0,0,1,1,1,0,0,0,0,0,0,1,1,1,0,0,0,1,1,1,1,1
  344,24,0,1,1,1,0,1,1,1,1,1,1,1,1,1,1,1,1,1,0,1,0,0,0,1,0,1,0,0,1,0,0,0,1,0,0,1,1,1,1,0,0,0,0,0,1,0,0,1,1,1,0,0,1,1,1,1,1,1,0,1,0,1,1,1,0,0,1,1,1,1,1,1,1,1,0,0,0,0,1,0,0,1,1,0,1,1,1,0,1,1,1
  345,28,0,1,1,1,0,1,1,0,1,1,1,1,1,1,1,1,0,1,1,1,0,0,0,0,0,0,0,0,0,0,0,0,1,0,1,1,0,1,1,0,1,1,0,0,0,0,0,1,1,1,0,0,1,1,0,1,0,0,0,0,1,1,0,0,0,0,0,0,0,1,0,1,1,0,1,1,0,0,0,0,1,1,1,0,1,1,1,0,1,1,1
  346,50,0,0,1,0,0,0,1,1,0,1,0,1,1,1,1,0,0,1,0,0,0,1,0,0,0,0,0,0,0,1,0,0,1,0,1,1,0,1,1,0,0,0,1,1,1,1,0,0,0,1,0,0,1,1,1,0,1,1,0,0,0,0,1,0,0,0,0,1,1,0,0,1,0,0,0,0,0,0,0,0,0,1,1,0,1,1,0,0,0,1,0
  347,25,0,1,1,1,0,1,1,0,0,1,1,1,1,1,0,0,0,1,0,1,0,0,0,0,0,0,0,0,0,1,0,1,1,1,1,0,1,1,1,0,1,0,0,0,1,1,0,0,1,1,0,1,1,1,0,0,1,1,0,0,0,1,0,1,0,0,0,1,0,0,1,1,1,1,0,0,0,0,1,0,1,0,0,0,1,0,1,0,1,1,0
  348,39,0,1,1,1,1,0,1,1,1,1,1,1,0,1,1,0,1,1,1,0,0,1,0,0,1,1,0,1,1,0,0,0,1,0,0,0,1,1,0,1,0,0,0,0,1,0,0,0,1,1,0,0,1,1,0,0,1,0,1,0,1,1,0,1,0,0,1,0,0,1,0,1,1,1,1,0,0,0,0,0,1,1, ,0,1,1,1,0,1,0,1
  349,19,0,1,1,1,1,1,0,1,0,0,1,1,1,0,1,1,0,1,0,1,0,0,0,1,0,1,0,1,0,0,0,0,1, ,0,0,1,1,1,1,1,0,0,0,1,1,0,1,1,1,0,1,1,1,0,1,1,1,1,0,0,1,0,0,0,0,1,1,0,0,1,1,1,1,0,0,0,0,0,0,1,1,1,0,1,1,1,0,1,1,1
  350,27,0,0,1,1,0,1,1,1,0,1,1,1,1,1,1,0,0,1,1,0,0, ,0,0,1,0,0,1,1,1,0,1,1,0,1,0,0,1,0,1,1,0,0,0,0,1,0,1,0,1,0,0,1,1,0,1,1,0,1,1,1,1,0,0,0,0,0,1,1,0,1,1,0,0,1,0,0,0,1,1,0,1,1,0,0,0,1,1,0,1,0
  351,20,0,0,1,1,0,1,1,0,0,1,1,1,1,1,0,0,0,1,1,1,1,1,0,1,0,0,0,1,0,1,0,1,1,0,0,0,0,1,1,1,1,0,0,0,1,1,1,1,0,1,0,0,1,1,1,1,1,1,1,0,1,1,0,0,1,0,0,1,0,0,1,1,1,0,0,1,0,0,1,0,0,0,1,0,1,1,1,0,1,1,1
  352,42,0,0,1,1,0,0,1,0,0,1,1,1,1,1,1,0,0,0,0,1,0,1,0,1,0,0,0,0,0,0,0,1,1,0,1,1,0,1,1,0,0,0,1,0,1,0,0,0,1,1,0,0,0,1,0,0,0,1,0,0,0,1,0,0,0,0,0,1,0,0,1,1,1,0,0,0,0,0,1,0,1,0,1,0,1,1,1,0,1,1,1
  353,20,0,1,1,1,0,0,1,0,1,0,1,1,1,1,1,1,1,1,0,1,0,0,0,0,0,1,0,1,0,1,0,0,1,0,0,0,0,1,1,1,1,0,1,1,1,1,0,0,0,1,0,1,1,1,0,1,0,1,0,0,1,1,0,0,0,0,0,0,0,0,1,1,0,1,0,0,0,0,0,1,1,1,1,0,1,1,1,0,0,1,1
  354,27,0,1,1,1,0,0,1,1,1,1,1,1,0,1,1, ,1,1,1,0,0,0,0,1,1,0,0,1,0,0,0,0,0,0,1,0,0,1,1,1,1,0,0,0,1,1,0,1,0,1,0,0,1,1,0,1,0,0,0,0,1,1,0,0,1,0,1,1,1,0,1,1,0,1,0,0,0,0,1,0,0,1,0,0,1,1,1,0,1,1,1
  355,30,0,1,0,0,1,1,1,0,0,1,1, ,0,1,1,1,1,1,1,0,1, ,0,0,1,1,0,1,0,0,0,0,1,0,1,1,1,1,1,1,0,0,1,0,1,1,0,0,1,1,0,0,1,0,0,1,0,0,0,1,0,1,0,1,0,0,0,1,0,0,1,1,0,1,0,0,0,0,0,0,1,1,1,1,0,1,1,0,1,0,1
  356,38,0,1,0,1,1,1,1,1,0,0,1,1,1,1,0,1,0,0,0,0,0,1,0,0,0,0,0,1,1,1,0,1,1,0,1,0,1,1,1,0,0,0,1,0,0,0,0,1,1,1,0,0,0,1,0,1,0,1,1,0,1,1,1,1,0,0,0,0,0,0,1,1,1,0,1,0,0,0,0,1,0,0,0,0,1,1,1,0,0,1,1
  357,28,0,1,1,1,1,0,1,1,0,1,0,1,1,1,0,0,0,0,0,0,0,1,0,1,0,1,0,1,0,1,0,1,0,0,0,1,0,1,1,1,0,0,1,0,1,0,1,1,1,1,0,0,0,1,0,1,0,0,1,0,0,1,1,0,0,1,1,1,0,0,0,0,1,1,0,1,0,1,1,0,1,1,0,0,0,1,0,0,1,1,1
  358,55,0,1,1,0,0,0,1,0,0,1,0,1,1,1,0,0,0,0,1,1,1,1,0,0,0,1,0,0,0,1,0,0,1,0,0,1,0,1,0,1,1,0,0,0,1,0,0,1,1,1,0,0,1,1,0,1,1,1,1,0,1,1,1,0,1,0,0,1,0,0,1,1,1,1,0,0,0,1,1,0,1,0,0,0,1,0, ,0,1,1,1
  359,38,0,0,1,0,0,0,1,0,0,0,0,1,1,1,0,0,0,1,1,0,1,1,0,0,0,0,0,1,0,1,0,0,0,0,1,1,1,1,0,0,0,0,1,0,1,0,0,0,0,0,0,0,1,1,0,1,1,0,0,0,0,1,0,0,0,0,0,0,0,1,1,1,1,0,1,0,0,0,1,0,1,1,1,1,0,1,0,0,1,1,0
  360,27,0,0,1,0,0,0,1,0,0,1,0,1,0,1,0,0,0,1,1,0,1,0,0,0,0,1,0,0,0,0,0,0,1,0,0,0,0,1,0,0,1,0,0,0,0,0,0,0,1,1,0,0,1,1,0,1,0,1,0,0,0,1, ,0,0,0,0,0,0,0,0,1,0,1,0,0,0,0,0,0,0,1,0,0,1,1,0,0,1,1,1
  361,25,0,1,1,0,0,1,1,0,0,1,1,1,0,1,1,0,1,1,1,0,1,0,0,0,1,1,0,0,0,0,0,0,1,0,0,0,1,1,0,0,1,0,0,0,0,1,0,1,0,1,0,0,1,1,0,1,1,0,0,0,1,1,0,0,1,0,0,0,1,0,0,1,0,1,0,0,0,0,1,0,0,1,1,0,0,1,1,0,0,1,1
  362,32,0,0,1,0,0,0,1,0,0,1,1,1,1,1,0,0,0, ,1,1,1,1,0,0,0,0,0,0,0,0,0,0,0,0,1,1,0,1,1,0,0,0,1,0,0,0,0,1,0,0,0,0,1,1, ,1,1,1,1,1,0,1,0,0,0,0,0,1,0,0,0,1,1,1,0,1,0,0,1,0,0,1,0,0,1,1,0,0,1,1,1
  363,31,0,0,1,1,1,0,1,1,0,1, ,1,1,0,0,0,0,1,0,1,1,1,0,1,0,1,0,0,0,0,0,0, ,0,1,0,0,1,1,0,1,0,1,0,0,1,0,1,0,1,0,0,1,1,1,1,0,1,0,0,0,1,1,0,0,0,0,0,1,0,1,1,1,1,0,0,0,0,0,0,1,0,0,0,1,1,1,0,0,1,1
  364,56,0,0,0,1,0,0,0,1,0,1,1,0,1,1,1,0,0,0,1,1,0,0,0,1,0,0,0,1,1,1,1,1,0,0,1,0,1,1,0,0,0,0,1,0,1,0,0,1,1,0,0,0,0,0,0,0,0,1,1,0,1,1,0,1,0,1,1,0,1,1,0,1,1,1,1,0,0,0,0,1,1,1,0,1,0,1,0,1,1,0,1
  365,31,0,1,0,1,0,1,0,0,1,1,0,1,0,1,1,0,0,1,0,0,0,1,0,0,0,1,0,1,0,1,0,0,1,0,0,1,1,1,1,1,1,0,0,0,1,1,0,1,1,1,1,1,1,1,1,1,0,0,0,0,0,1,0,0,1,0,0,1,0,0,1,1,1,1,0,0,0,0,0,1,1,1,1,0,0,1,1,1, ,1,1
  366,40,0,0,1,1,1,0,1,1,0,1,1,1,1,1,0,0,0,1,0,1,0,0,0,0,0,0,0,0,0,1,1,1,1,0,1,1,0,1,0,0,1,0,1,0,0,0,0,1,1,0,0,1,1,1,0,1,0,1,0,0,0,1,0,1,0,0,0,0,1,0,0,1,0,1,0,0,0,0,0,1,1,1,0,0,0,1,0,0,1,1,1
  367,29,0,1,1,0,1,0,1,1,1,1,1,1,1,1,1,0,0,1,1,0,1,1,0,0,0,1,0,1,0,0,0, ,1,0,1,1,1,1,1,0,1,0,0,0,0,1,0,1,1,1,0,1,1,1,1,1,1,1,0,1,1,1,1,0,0,0,0,1,1,0,1,1,0,1,0,0,0,0,1,0,0,1,1,0,1,1,1,1,1,1,1
  368,18,0,1,1,1,0,0,1,0,0,1,0,1,0,1,1,1,0,1,0,1,0,1,0,1,0,1,1,1,0,0,1,1,0,0,1,1,1,1,1,1,0,0,0,0,1,0,0,1,1,1,0,0,0,1,0,1,1,1,1,1,1,1,1,0,0,0,0,1,1,0,1,1,1,1,1,1,1,1,1,0,1,1,1,0,1,1,1,1,1,0,1
  369,27,0,0,1,1,0,1,1,1,1,1,1,1,1,0,0,1,0,1,1,1,1,1,0,0,1,0,0,1,1,1,0,1,1,0,1,1,0,1,1,0,1,1,1,0,1,1,0,1,0,1,0,0,1,1,0,1,0,1,1,0,1,1,0,0,0,0,1,1,0,1,1,1,1,1,0,1,0,1,0,0,1,1,0,1,1,1,1,0,1,1,1
  370,27,0,1,1,1,0,0,1,1,0,1,1,1,1,1,1,0,1,0,1,0,1,1,0,0,1,0,0,1,1,1,0,1,1,0,1,0,1,1,1,0,0,1,1,0,1,1,0,1,0,1,0,0,0,1,0,1,0,1,1,0,0,1,0,1,0,1,0,1,1,0,0,1,0,1,1,0,0,1,1, ,1,1,0,0,1,1,1,0,1,1,1
  371,27,0,1,1,1,1,0,1,1,1,1,0,1,1,1,0,1,0,0,0,1,1,1,0,0,0,0,0,1,1,1,0,1,0,0,0,1,0,1,1,0,0,1,1,0,0,0,1,0,1,1,0,0,0,1,1,1,0,1,1,0,1,1,0,0,0,0,1,1,0,0,0,1,1,0,0,1,0,1,1,1,1,1,1,0,1,1,1,0,1,1,1
  372,19,0,1,1,1,0,1,1,1,0,1,1,1,1,1,1,0,1,1,0,1,0,0,0,0,1,0,0,1,1,1,0,0,1,0,1,1,1,1,1,1,1,0,0,0,1,1,0,0,1,1,1,1,0,1,1,1,1,1,0,1,1,1,0,1,1,1,0,1,0,1,1,1,1,1,0,0,0,0,1,0,1,1,1,0,1,1,1,0,1,1,1
  373,19,0,1,1,1,0,1,1,1,0,1,1,1,1,0,1,0,0,1,1,0,0,0,0,0,1,1,0,1,1,0,0,1,1,0,0,0,1,1,1,1,1,0,0,0,1,1,0,0,1,1,0,0,1,1,1,1,1,1,0,1,1,1,0,0,1,0,1,1,1,1,1,1,1,1,0,0,1,0,1,0,1,1,0,0,1,1,1,1,0,1,1
  374,68,0,1,1,1,1,1,0, ,1,0, ,1,1,1,1,1,0,1,1,1,1,1,0,0,0,1,0,0,0,1,0,0,1,0,0,0,1,1,1,0,0,0,0,0,0,1,1,1,0,1,1,1,1,1,1,1,0,1,1,0,1,0,0,1,0,0,0,1,1,1,1,1,1,1,1,1,0,1,0,0,0,1,1,0,1,1,1,0,1,0,1
  375,35,0,1,1,0,0,1,0,1,0,1,0,1,1,1,0,0,0,0,1,1,1,0,0,1,1,0,0,0,0,1,0,0,1,0,0,0,0,0,1,1,0,0,1,0,0,1,1,1,1,1,0,0,0,1,0,1,0,1,1,0,0,1,1,1,0,0,0,0,1,1,1,1,1,1,0,0,0,0,0,0,1,1,0,0,1,1,1,0,1,1,1
  376,26,0,0,0,0,0,0,1,0,0,1,1,1,1,1,0, ,0,1,1,1,0,0,0,0,0,0,0,0,0,1,0,0,1,0,0,1,1,1,1,1,0,0,1,0,0,1,0,1,0,1,0,0,0,1,1,1,1,1,0,0,0,1,0,0,0,0,1,0,0,0,0,1,0,1,0,1,0,0,0,0,0,0,0,1,0,1,0,0,0,0,0
  377,25,0,1,1,1,0,0,0,0,0,1,1,1,1,1,0,0,0,0,1,1,1,0,0,1,0,0,0,1,0,0,0,0,1,0,0,1,0,1,1,0,0,0,1,1,1,0,0,0,0,1,0,0,1,1,0,1,0,1,0,0,1,1,0,0,1,0,1,0,0,0,1,1,0,0,0,1,0,0,0,0,1,0,0,0,0,0,0,0,0,1,1
  378,24,0,1,1,1,0,1,1,1,0,1,1,1,1,1,1,0,0,1,1,0,0,1,0,0,0,1,0,1,0,1,0,0,1,0,0,0,0,1,1,1,0,0,1,0,0,0,1,1,1,1,0,0,0,1,1,1,0,1,1,1,0,1,0,0,0,0,0,0,1,0,0,1,1,1,0,0,0,0,1,1,1,0,1,0,1,1,1,0,1,1,1
  379,24,0,0,1,0,0,0,1,0,0,1,1,1,1,1,1,0,0,1,1,0,0,1,0,1,0,1,1,1,0,0,0,0,1,0,0,1,1,1,0,1,1,1,0,0,0,0,0,1,0,1,0,0,1,1,0,1,0,1,0,0,0,1,0,0,1,0,0,0,0,0,1,1,0,0,0,1,1,0,0,0,1,1,1,0,1,0,1,1,1,1,0
  380,24,0,0,1,1,1,0,1,0,0,1,1,1,1,1,1,0,0,1,1,0,1,0,0,0,0,1,0,1,0,0,0,0,1,1,0,1,0,1,1,0,1,0,1,1,0,1,0,1,0,1,0,0,1,1,0,1,0,1,0,0,1,1,0,0,0,0,0,1,0,0,1,1,1,1,0,0,0,0,1,0,0,0,0,0,0,0,0,1,0,0,0
  381,20,0,0,1,1,0,0,1,0,0,0,1,1,1,0,0,1,0,0,0,0,0,1,0,1,0,0,0,1,1,1,0,1,0,0,0,1,0,1,0,1,0,0,1,0,1,0,0,0,1,1,0,1,0,1,0,1,1,1,1,0,1,1,0,1,0,1,0,1,0,0,0,1,1,0,0,0,0,0,0,0,1,1,0,0,1,1,0,0,1,0,1
  382,23,0,0,1,1,0,0,1,0,0,1,1,1,1,1,1,1,0,1,0,1,0,1,0,0,0,0,1,1,0,1,0,1,0,1,1,0,1,1,1,0,1,1,1,1,1,1,0,1,1,1,0,1,1,1,1,1,1,1,1,0,1,1,0,0,0,0,1,1,1,1,1,1,1,1,0,0,1,1,1,1,1,1,1,0,1,1,0,1,1,1,1
  383,20,0,1,1,1, ,1,1,1,0,1,1,1,0,1,0,0,1,1,0,0,0,1,0,1,0,0,1,1,1,0,0,1,1,1,0,0,0,1,1,0,1,0,0,0,1,1,1,1,1,1,0,0,1,1,0,1,0,0,1,1,1,1,0,0,1,1,0,1,0,0,1,1,1,1,0,0,0,1,1,1,1,0,0,1,1,1,1,1,1,1,1
  384,20,0,1,1,1,0,0,0,1,1,1,1,1,1,0,1,1,0,1,0,0,0,1,0,1,0,1,0,1,0,1,0,1,0,0,1,0,1,1,1,1,1,1,1,0,1,0,0,1,1,1,0,0,1,1,1,1,0,1,1,0,0,1,1,0,1,1,1,1,1,0,0,1,0,1,0,1,0,1,0,0,0,1,1,0,1,1,1,0,1,1,1
  385,19,0,0,1,1,0,1,1,0,0,1,1,1,1,1,1,0,0,1,0,0,1,1,0,1,0,1,0,1,0,1,0,1,1,0,1,1,1,1,1,1,1,0,0,0,1,0,0,1,0,1,0,0,1,1,1,1,0,1,1,0,0,1,1,0,1,0,1,1,0,0,1,1,0,0,0,1,0,1,1,1,0,1,1,0,1,1,1,1,1,1,1
  386,18,0,1,1,1,0,1,1,1,0,1,1,1,1,1,1,0,0,1,1,1,1,1,0,1,0,0,0,0,0,1,0,1,1,0,1,0,1,1,1,0,1,0,1,0,0,1,0,1,1,1,0,1,1,1,1,1,0,1,1,0,0,1,1,0,0,0,0,1,1,1,0,1,1,1,0,1,0,1,1,0,1,1,0,0,1,1,1,0,1,1,1
  387,22,0,1,1,0,0,1,1,0,0,1,1,1,1,1,1,0,0,1,0,1,1,1,0,0,1,1,0,1,1,1,0,0,1,0,0,1,1,1,1,1,1,0,0,0,1,1,0,1,1,1,0,1,1,1,0,1,1,1,0,1,1,1,0,0,0,0,0,1,0,0,1,1,1,1,0,1,0,0,1,0,1,1,1,0,1,1,1,0,1,1,1
  388,20,0,1,1,1,0,1,0,1,0,1,1,0,0,0,0,0,1,1,0,1,0,1,0,1,0,0,1,1,0,1,1,1,1,1,1,0,1,1,1,0,1,1,1,0,1,0,1,1,1,1,0,0,1,1,1,1,0,1,1,0,1,1,1,0,1,1,1,0,1,0,1,1,1,1,0,0,0,1,1,1,1, ,1,0,0,1,1,1,1,0,1
  389,18,0,1,1,1,0,0,1,1,0,1,1,1,0,1,0,0,0,1,0,1,1,1,0,1,0,0,0,1,0,1,0,1,1,0,0,0,1,1,1,0,1,0,1,0,0,1,0,1,1,1,0,0,1,1,1,1,0,1,1,1,1,1,0,0,0,1,0,1,0,0,0,1,1,1,0,0,0,0,1,1,1,1,0,0,1,0,1,0,1,1,1
  390,19,0,0,1,0,1,0,0,1,0,1,1,1,0,1,0,0,0,1,0,1,1,0,0,0,0,0,0,1,1,1,0,1,1,0,0,1,1,1,1,0,1,0,1,0,0,1,0,1,0,1,0,0,1,1,0,1,0,1,0,0,1,1,1,0,0,0,0,1,1,0,0,1,1,0,0,1,0,1,1,0,1,0,0,0,1,0,0,1,1,1,1
  391,19,0,1,1,1,0,0,1,1,0,1,1,1,1,1,1,0,0,1,0,1,0,1,0,1,1,1,0,1,0,1,0,1,1,0,1,1,0,1,1,1,1,0,1,0,1,0,0,1,1,1,0,0,1,1,0,1,0,1,0,0,0,1,1,0,1,0,1,1,1,0,0,1,1,1,0,0,1,1,0,1,1,1,1,1,1,1,0,1,1,1,1
  392,19,0,1,1,0,0,1,1,1,0,1,1,1,1,0,1,0,0,1,0,0,0,0,0,0,0,1,0,1,0,0,0,1,1,0,0,0,1,1,0,1,1,0,0,0,1,0,0,1,1,1,0,1,1,1,0,1,0,0,0,1,0,1,0,1,0,0,1,0,0,0,1,1,0,1,0,0,0,0,1,1,1,1,1,0,1,1,1,0,0,1,0
  393,18,0,0,1,1,0,0,1,1,0,1,0,1,1,1,0, ,0,1,1,1,0,0,0,1,0,0,0,1,0,1,0,0,1,0,1,1,0,1,1,1,1,0,1,0,1,0,0,0,0,1,0,0,1,1,0,1,0,1,1,0,1,1,0,0,1,0,0,0,0,0,1,1,1,1,0,0,0,1,1,0,1,1,0,0,1,1,0,0,1,1,1
  394,19,0,0,1,1,0,0,1,0,0,1,1,1,1,1,0,0,0,1,0,1,0,0,0,1,0,1,0,1,0,1,0,0,1,0,0,0,0,1,1,1,0,0,0,0,1,0,0,0,0,1,0,0,1,1,0,1,1,0,0,0,1,1,0,0,0,0,1,1,1,0,1,1,1,0,0,0,1,1,1,1,1,1,1,1,1,1,1,0,1,1,1
  395,18,0,1,1,1,1,0,1,1,1,1,1,1,1,0,1,1,0,1,0,1,1,0,0,0,0,0,0,1,0,1,0,0,1,0,1,1,0,1,1,0,1,0,1,0,1,0,0,1,1,1,0,0,1,1,0,1,1,1,1,0,0,1,0,1,0,0,1,1,0,0,0,1,0,1,0,0,0,0,1,1,1,1,0,0,1,0,0,0,1,1,0
  396,21,0,1,1,1,0,1,1,1,0,1,1,1,1,0,1,0,0,1,1,1,1,1,0,1,0,1,1,1,1,0,0,0,1,0,1,0,0,1,1,0,1,1,0,0,1,1,0,1,0,1,0,0,1,1,0,1,1,0,1,0,0,1,1,0,0,0,1,1,1,0,1,1,0,0,1,1,0,0,1,0,1,1,1,0,1,1,1,0,1,1,0
  397,26,0,0,1,1,1,0,0,0,0,0,0,1,1,1,1,1,0,1,1,1,1,0,0,1,0,0,0,0,0,1,0,0,1,0,0,0,0,1,1,1,0,0,0,0,1,0,0,1,1,1,0,0,1,1,1,1,1,1,1,1,0,1,0,0,1,1,0,1,1,0,1,1,1,1,0,1,0,1,0,1,1,1,0,0,1,1,1,0,1,1,1
  398,26,0,1,1,1,0,0,0,1,0,1,0,1,1,1,1,1,0,1,0,1,0,0,0,1,0,1,0,0,0,1,0,1,1,0,1,0,0,1,1,0,1,0,0,0,0,0,0,0,0,1,0,1,1,1,0,1,1,1,1,1,0,1,1,0,1,0,0,1,0,0,1,1,1,0,0,1,0,0,1,0,1,0,0,0,0,1,1,0,0,1,1
  399,30,0,1,1,0,0,0,0,0,0,1,1,1,1,0,1,0,0,1,1,0,1,1,0,0,0,1,0,0,0,0,0,0,1,0,0,0,1,1,0,1,1,0,1,1,0,0,0,1,1,1,0,1,1,1,0,1,1,1,0,0,0,1,0,0,1,0,0,0,1,0,0,1,0,0,0,0,0,0,0,0,1,1,1,0,1,1,1,0,1,1,0
  400,26,0,1,1,0,0,0,1,0,0,0,1,1,0,1,0,0,0,1,0,1,1,1,0,0,0,0,0,0,0,0,0,1,1,0,0,1,1,1,0,0,1,0,1,0,1,0,0,0,0,1,0,0,1,1,0,1,0,1,0,0,0,1,0,0,0,1,0,1,0,0,0,1,0,1,0,0,0,0,1,0,0,1,1,0,1,1,1,0,0,1,1
  401,26,0,0,1,0,0,0,1,0,1,1,1,1,0,1,1,0,0,1,1,0,1,0,0,0,1,1,0,0,0,1,0,0,1,0,0,0,0,1,0,1,0,0,0,0,0,0,0,0,1,0,0,0,1,1,0,1,0,0,1,0,0,1,0,0,0,0,0,1,0,0,0,1,0,0,0,0,0,0,1,0,0,1,0,0,0,1,1,0,0,1,1
  402,33,0,0,1,1,0,0,1,0,0,1,1,1,1,1,1,0,0,1,0,1,0,0,0,0,0,0,0,1,0,0,0,0,1,0,0,0,1,1,0,0, ,0,0,0,0,1,1,0,0,1,0,1,1,1,0,1,0,0,0,0,0,1,0,0,0,0,0,0,0,0,1,1,1,0,0,0,0,0,1,0,1,1,1,0,1,1,1,0,1,1,1
  403,28,0,0,1,1,1,1,0,1,0,1,1,1,1,1,0,0,0,1,0,1,0,0,0,0,0,0,0,0,1,1,0,0,1,0,0,0,0,1,0,0,0,0,1,0,1,1,0,1,1,1,0,0,0,1,0,1,1,0,1,0,1,1,0,0,0,0,1,1,0,0,0,1,0,1,0,0,0,0,0,1,1,1,0,0,1,1,0,0,1,1,1
  404,28,0,0,0,0,1,0,0,0,1,1,1,1,1,0,0,0,0,0,0,0,1,1,0,1,1,0,0,0,0,1,0,0,1,0,0,0,0,0,0,0,0,0,1,0,1,0,0,0,1,1,1,1,1,1,0,1,1,1,0,0,1,1,0,0,0,0,0,0,0,0,0,1,1,1,0,0,0,0,1,1,0,0,0,0,1,1,0,0,0,1,1
  405,26,0,0,1,1,1,0,1,0,0,1,0,1,1,1,0,0,0,0,0,1,1,0,0,0,0,0,0,1,0,1,0,1,1,0,1,0,0,1,1,1,1,1,1,0,1,0,0,1,0,1,0,1,1,1,1,0,0,1,1,0,1,1,0,0,0,0,1,1,0,0,1,1,1,1,0,0,0,0,1,1,1,0,0,0,0,0,0,0,1,1,1
  406,28,0,1,1,0,0,1,1,0,0,0,1,1,1,1,0,0,0,1,0,0,0,1,0,0,0,0,0,0,0,1,0,0,1,0,0,0,1,1,0,0,0,0,1,0,0,0,0,0,1,1,0,1,0,1,0,0,0,1,1,1,0,1,1,1,0,0,0,0,0,0,0,1,1,1,0,0,0,1,0,1,1,1,0,1,1,1,0,0,1,1,1
  407,26,0,1,1,1,0,1,1,1,0,1,1,1,1,1,0,1,0,1,1,1,1,0,0,1,0,1,0,1,0,1,0,1,0,0,1,0,0,1,1,0,0,1,0,0,0,1,0,0,1,1,1,1,1,1,0,1,1,1,0,0,1,1,0,0,0,0,0,1,1,0,0,1,1,0,0,1,0,0,1,1,1,1,1,0,1,1,1,0,1,1,1
  408,28,0,1,0,0,0,1,1,0,0,1,1,1,1,1,0,0,0,1,0,1,0, ,0,0,1,0,0,1,0,1,0,0,1,0,1,1,0,1,1,1,1,1,0,0,0,0,0,0,1,1,0,0,1,1,1,1,0,1,1,1,1,1,1,0,0,0,0,0,0,0,1,1,0,0,0,0,0,0,0,1,1,1,0,0,1,1,1,0,1,1,1
  409,27,0,1,1,1,0,0,1,1,1,1,1,1,1,1,0,0,0,1,1,1,1,1,0,0,1,0,0,0,0,1,0,0,1,0,0,1,0,1,1,1,0,0,1,0,1,0,0,1,0,0,0,1,1,1,0,1,0,1,1,1,0,1,0,0,0,0,1,0,1,1,1,1,1,0,0,0,0,0,0,1,1,1,0,0,0,0,0,0,1,1,1
  410,29,0,1,0,1,0,0,1,1,0,1,1,1,1,1,1,0,1,1,1,1,0,1,0,0,1,1,0,1,0,1,0,0,1,0,0,1,1,1,1,1,1,0,0,0,1,0,0,0,1,1,0,0,1,1,0,1,0,1,1,1,1,1,0,1,1,0,0,0,1,1,0,1,0,1,0,0,0,0,0,0,1,1,1,0,1,1,1,0,1,0,1
  411,35,0,0,1,1,0,0,1,1,0,1,0,1,1,1,1,0,0,1,1,0,0,0,0,0,1,1,0,0,0,0,0,0,1,0,0,1,0,1,1,0,1,0,0,0,1,1,0,1,1,1,0,1,1,1,0,1,1,1,0,1,0,1,0,1,0,0,0,1,1,1,1,1,1,1,1,0,0,0,1,0,1,1,1,0,1,1,0,0,1,1,1
  412,26,0,1,1,1,0,0,1,1,1,1,1,1,1,1,0,0,0,1,0,0,0,1,0,1,0,1,0,1,1,0,0,0,1,0,1,1,0,1,1,1,1,0,0,0,0,0,0,1,1,1,0,1,1,1,0,0,0,0,1,0,0,1,0,0,1,0,1,0,1,1,0,1,0,1,1,0,0,0,0,0,0,1,0,1,1,1,1,0,0,1,1
  414,23,0,1,1,1,1,0,1,1,0,1,1,1,1,1,1,0,0,1,0,0,0,0,0,0,1,0,0,1,1,0,0,0,1,0,1,1,1,1,1,1,1,0,1,0,1,1,0,0,1,1,0,1,1,1,0,0,1,1,0,0,1,1,0,1,0,1,0,1,0,0,1,1,0,1,0,0,0,0,1,0,0,1,1,1,1,1,1,0,1,1,1
  415,39,0,1,1,1,0,0,1,0,0,1,1,1,1,1,1,1,0,1,1,1,1,1,0,1,0,1,0,1,0,1,0,1,1,0,1,1,0,0,1,0,1,0,0,0,0,1,0,1,1,1,0,0,1,1,1,1,1,1,0,0,0,1,0,1,0,0,1,0,0,0,1,1,1,1,0,1,0,0,1,0,1,1,1,0,0,0,1,0,1,1,1
  416,44,0,1,0,0,1,1,1,0,0,1,1,1,1,1,1,0,1,0,0,0,1,1,0,0,0,1,0,0,0,1,1,1,1,0,0,1,1,1,1,0,1, ,0,0,1,1,1,0,1,1,1,0,1,1,1,1,0,1,1,0,1,1,0,0,1,1,0,1,0,0,1,1,1,1,0,0,1,0,1,0,1,0,1,0, ,0,1,0,0,1,0
  417,30,0,0,1,1,1,1,1,1,1,1,1,1,1,1,0,0,1,1,0,1,0,1,0,1,1,0,0,1,1,1,1,1,1,1,1,1,1,1,1,1,1,1,1,0,1,0,1,1,1,1,0,1,1,1,0,1,0,1,1,1,1,1,1,0,0,0,1,1,0,1,0,1,1,1,0,0,1,1,0,0,1,0,0,0,1,1,1,0,1,1,1
  418,25,0,1,1,0,1,0,1,0,1,0,1,1,0,1,1,1,1,1,1,0,0,1,0,0,1,1,0,0,0,0,0,0,1,0,0,0,1,1,0,0,1,0,0,0,1,0,1,0,1,1,0,1,1,1,0,0,0,0,1,1,0,1,0,1,0,0,0,0,1,0,1,1,0,1,1,0,0,1,0,1,1,1,1,0,1,1,1,0,1,0,1
  419,21,0,0,1,0,0,0,1,0,0,1,1,1,1,1,1,0,0,1,1,0,0,1,1,0,0,0,0,0,1,0,0,0,0,0,0,0,0,1,0,0,1,0,1,0,0,0,0,0,0,1,0,1,1,1,0,1,1,1,0,0,1,1,0,0,0,0,0,0,1,0,1,1,0,1,0,0,0,0,0,1,0,0,0,0,1,0,1,0,0,1,1
  420,43,0,1,1,1,0,1,1,1,0,1,0,1,1,1,0,0,0,1,0,1,0,1,0,0,0,0,0,1,0,0,0,1,0,1,1,1,0,1,1,1,0,1,0,0,0,0,0,1,1,0,0,0,0,1,1,0,0,1,1,0,0,1,0,0,0,0,0,0,0,0,0,1,1,1,0,1,0,0,1,0,1,0,0,0,1,1,0,0,1,1,1
  421,44,0,1,1,0,0,1,1,0,0,1,1,1,0,1,0,0,0,1,1,1,0,1,0,0,0,1,0,0,0,0,0,0,0,0,0,0,1,1,1,1,0,0,0,0,0,1,0,1,1,1,0,1,0,1,1,0,1,1,0,1,1,1,0,0,0,1,0,1,1,0,0,1,1,1,0,0,0,0,1,0,1,0,1,0,0,0,1,0,1,1,1
  422,55,0,0,1,1,0,0,1,0,0,1,0,1,1,1,1,0,0,1,0,1,0,0,0,0,0,1,0,0,0,0,0,1,0,0,0,1,0,1,1,0,0,0,1,0,0,0,0,1,0,0,0,0,0,1,1,1,0,1,0,0,0,1,0,0,0,0,0,0,0,0,1,1,0,1,0,1,0,0,1,0,1,1,0,0,0,1,0,1,1,1,0
  423,25,0,1,0,1,0,0,1,0,0,1,1,1,0,1,0,0,0,1,1,0,0,0,0,0,0,1,0,0,0,0,0,1,1,0,1,1,1,1,0,0,1,0,1,0,1,1,0,1,1,1,0,1,1,1,0,1,0,1,0,1,1,1,0,0,0,0,0,1,0,0,1,1,0,1,0,0,0,0,0,0,0,1,1,0,1,1,1,0,0,1,1
  424,25,0,1,1,1,0,0,1,0,1,1,0,1,1,1,1,0,0,1,1,1,0,1,0,1,1,0,0,1,0,0,0,1,0,0,1,0,0,1,1,1,1,0,1,0,1,0,1,1,1,1,0,1,1,1,0,1,0,1,1,0,1,1,0,0,1,0,0,1,1,0,0,1,1,1,0,1,0,0,0,1,1,1,0,0,1,1,0,0,1,1,1
  425,20,0,0,1,1,0,1,1,1,0,0,1,1,1,0,1,0,0,1,1,1,0,0,0,1,0,1,0,0,0,1,1,1,1,0,1,1,0,1,1,0,1,0,1,0,1,0,1,0,0,1,0,0,1,1,1,1,0,0,1,0,1,1,1,0,0,1,1,1,1,1,0,1,1,1,0,0,1,0,1,1,0,0,1,0,1,0,1,0,1,1,0
  426,19,0,0,0,0,1,0,1,1,0,1,1,1,1,1,0,0,0,1,1,0,1,0,0,1,0,0,0,1,0,0,0,0,1,0,0,1,1,1,1,0,1,0,1,0,0,0,1,1,0,0,0,0,1,1,0,1,1,0,1,0,0,1,1,0,1,1,1,1,0,0,1,1,1,1,0,0,0,1,1,0,1,0,1,1,1,1,1,0,0,1,1
  427,41,0,1,1,1,0,1,1,0,0,1,1,1,1,1,1,0,0,1,1,1, ,1,0,1,1,1,0,1,0,0,0,0,1,0,1,1,0,1,1,1,1,0,1,0,1,1,0,1,1,0,0,0,1,1,0,0,0,1,0,0,0,1,0,0,0,1,0,1,1,0,1,1,1,1,0,0,0,1,0,1,1,1,0,0,0,1,0,1,1,1,1
  428,20,0,1,1,1,0,1,1,1,1,1,1,1,1,1,0,1,0,1,0,1,0,0,0,0,1,1,1,0,0,0,0,0,1,1,0,0,1,1,1,1,1,0,0,1,1,1,0,1,1,1,0,1,1,1,1,0,1,0,1,0,1,1,0,1,1,0,0,1,0,0,1,1,1,1,0,0,0,0,0,1,1,1,1,0,1,1,1,0,1,1,1
  429,23,0,1,1,1,0,1,1,0,0,1,1,1,0,1,1,0,0,1,1,1,0,0,0,0,1,1,0,0,1,0,0,0,1,0,0,0,1,0,0,1,1,0,0,0,1,1,1,0,1,1,0,1,1,1,0,0,1,1,0,1,1,1,0,1,0,0,0,1,1,0,1,1,0,1,0,0,0,0,0,0,0,1,1,0,1,1,1,0,1,1,1
  430,24,0,1,1,1,0,0,1,0,0,1,0,1,1,1,1,0,0,1,0,1,0,1,0,0,0,1,0,0,0,1,0,1,0,0,1,0,1,1,0,0, ,0,0,0,1,0,0,1,0,1,0,1,1,0,1,1,0,1,0,0,0,1,0,1,0,0,0,1,0,0,0,1,0,0,0,0,0,0,1,1,1,0,1,0,1,1,0,0,1,1,1
  431,26,0,1,1,1,0,1,1,1,1,0,1,1,1,1,1,1,0,1,0,0,0,0,0,1,1,1,0,1,0,0,0,0,1,0,0,1,1,1,1,1,1,0,0,0,1,1,0,0,1,1,0,1,1,1,0,1,1,1,0,0,1,1,0,0,0,0,0,0,0,0,1,1,0,1,0,0,0,0,1,0,1,1,1,0,0,1,1,0,1,1,1
  432,22,0,0,1,0,0,0,1,0,0,1,1,1,1,0,0,0,0,1,1,0,0,0,0,0,1,0,0,0,0,0,0,0,1,0,1,1,0,1,1,0,1,0,1,0,0,0,0,0,1,0,0,1,1,1,1,1,0,0,1,0,0,1,0,0,1,0,0,1,0,0,1,1,1,1,0,0,0,0,1,0,0,1,0,0,1,1,0,0,1,1,1
  433,19,0,0,1,1,0,0,0,1,0,0,0,1,1,1,0,0,0,1,1,1,0,0,0,1,0,0,0,0,0,0,0,1,0,0,0,0,0,1,1,0,0,1,1,0,0,0,0,1,0,1,0,0,0,1,1,1,0,0,1,0,1,1,1,0,1,0,1,1,0,1,0,1,1,1,1,1,1,1,1,0,1,1,0,0,1,0,0,0,1,1,1
  434,34,0,0,1,0,1,0,1,0,1,1,0,1,1,0,0,0,1,0,1,0,0,1,0,0,1,0,0,0,1,1,0,0,0,0,0,0,0,1,0,1,0,0,1,0,1,0,0,0,1,0,0,0,1,1,0,1,0,1,0,1,0,1,1,0,0,0,1,1,0,1,1,1,0,1,0,0,0,0,0,0,0,1,0,0,0,1,0,0,1,1,1
  435,28,0,0,1,1,1,0,1,0,1,1,0,1,1,0,1,0,1,1,1,1,0,1,0,0,1,0,0,0,1,1,0,0,1,0,0,0,0,1,0,1,0,0,1,0,1,0,0,1,1,0,0,0,1,1,0,1,0,1,0,0,0,1,0,0,0,1,1,1,0,0,0,1,1,1,0,0,0,1,0,0,1,1,0,0,0,1,0,0,0,1,1
  436,24,0,1,1,1,0,0,1,1,0,1,0,1,1,0,1,0,0,1,1,1,1,1,0,0,1,1,0,0,0,0,0,0,1,0,1,1,0,1,0,0,1,0,1,0,0,0,0,0,0,1,0,0,1,0,0,0,0,1,0,0,0,1,0,0,1,0,0,1,0,0,1,1,0,1,0,0,0,0,1,0,1,1,0,0,1,1,1,0,0,1,1
  437,21,0,1,1,1,0,0,1,0,1,1,0,1,1,1,0,0,0,1,1,0,0,0,0,0,1,1,0,0,1,0,0,0,1,0,0,1,0,1,0,0,1,0,0,0,1,0,0,1,0,1,0,0,1,1,0,1,1,1,0,0,1,1,0,0,0,0,0,0,0,0,1,1,0,1,0,0,0,0,1,1,0,1,1,0,1,1,0,0,1,1,1
  438,30,0,1,1,1,1,0,1,1,1,1,1,1,1,0,0,1,1,1,1,0,0,0,0,1,1,1,0,1,0,0,0,0,1,1,1,1,0,0,1,1,1,0,0,1,1,0,0,1,1,0,0,1,1,1,1,0,0,1,1,1,0,1,1,1,0,0,0,1,1,1,0,0,0,0,0,1,1,1,0,1,1,1,1,1,1,1,0,1,1,1,1
  439,32,0,1,1,1,1,0,1,1,1,1,1,1,0,1,1,0,0,1,1,1,0,0,0,0,0,1,0,0,0,1,0,0,1,0,0,0,1,1,1,1,1,0,0,0,1,1,0,0,1,1,0,1,1,1,0,0,1,0,1,0,1,1,0,0,0,0,0,0,1,0,1,1,0,1,0,0,0,1,1,0,1,1,1,0,1,1,1,0,1,1,1
  440,22,0,1,0,1,0,1,1,1,0,1,1,1,1,1,1,0,0,1,0,1,1,0,0,1,1,1,0,1,1,1,0,0,1,1,0,0,1,0,1,1,1,0,0,1,1,1,1,0,1,1,0,0,1,1,1,1,0,1,1,0,1,1,1,0,0,1,1,1,1,1,1,1,1,1,0,0,0,1,0,0,1,1,1,1,1,1,1,0,1,1,1
  441,26,0,1,0,1,0,1,1,1,0,1,1,1,1,1,1,0,0,1,0,1,1,0,0,1,1,1,0,1,0,0,0,0,1,0,0,0,1,0,1,1,1,0,0,1,1,1,1,0,1,1,0,0,1,1,1,1,0,1,1,0,1,1,1,1,0,0,1,0,1,1,0,1,0,1,1,0,0,0,0,0,0,1,1,0,0,0,1,1,1,0,0
  442,26,0,0,1,1,0,1,1,1,0,1,1,1,0,1,1,0,0,1,1,0,1,0,0,0,1,1,0,1,0,1,0,0,1,1,1,0,1,1,1,1,1,0,0,0,1,1,0,0,1,1,0,1,1,1,0,1,0,1,0,0,1,1,0,0,0,0,0,0,0,1,1,1,1,1,0,0,0,0,0,0,1,1,1,0,1,1,1,0,1,1,1
  443,24,0,1,1,1,0,0,1,0,0,1,1,1,1,1,1,1,0,1,1,0,0,1,0,0,0,0,0,1,0,1,0,1,1,1,0,1,0,1,1,0,1,0,0,0,0,0,0,1,0,1,1,1,1,1,0,0,0,1,1,1,1,1,1,0,0,0,1,1,1,0,1,1,1,1,0,0,1,1,1,0,1,1,1,0,1,1,0,1,1,1,1
  444,27,0,1,0,1,0,0,1,1,0,1,0,1,1,1,0,0,0,0,0,1,0,0,0,1,0,0,0,1,0,0,0,1,0,0,1,0,0,1,1,0,0,0,1,0,1,1,0,0,0,0,0,0,0,1,1,1,0,0,1,1,1,1,1,0,0,1,0,1,1,0,0,1,1,0,1,0,0,1,1,0,1,0,0,0,1,0,0,1,0,1,0
  445,56,0,0,1,0,0,1,1,1,0,1,0,1,0,1,0,0,0,1,1,1,1,1,0,0,0,1,0,0,0,0,1,0,0,0,0,1,1,1,0,0,1,0,0,0,1,0,0,0,0,0,0,0,1,0,0,0,0,1,0,1,0,1,0,0,1,1,0,1,0,0,1,1,0,1,0,0,0,0,1,0,1,0,1,0,1,0,0,1,1,1,1
  446,43,0,0,1,0,0,0,1,0,0,1,1,1,1,1,1,0,0,1,1,0,1,1,0,0,0,1,0,0,1,0,0,0,1,0,0,1,1,1,0,1,1,0,0,0,1,1,0,0,0,1,0,0,1,1,0,1,1,1,0,0,1,1,0,0,1,0,0,1,1,0,1,1,0,0,0,0,0,0,1,0,0,1,1,0,1,0,1,0,0,1,1
  447,41,0,1,1,0,0,0,1,1,1,1,1,1,1,1,1,0,0,1,0,0,1,0,0,0,0,0,0,1,0,0,0,1,1,0,1,1,0,1,1,1,1,1,1,1,0,1,0,0,0,0,1,0,1,1,1,1,0,1,1,0,0,1,0,0,0,0,0,1,0,0,0,1,1,0,0,1,0,0,1,0,0,1,1,0,1,1,0,0,1,1,1
  448,46,0,1,0,1,0,1,1,1,0,1,1,1,1,0,1,1,0,1,0,1,0,0,0,1,0,0,0,1,0,1,0,1,0,0,1,0,0,1,1,1,0,1,0,0,1,0,0,1,1,1,0,0,1,1,1,0,1,1,0,0,0,1,0,1,0,0,0,0,0,1,0,1,1,1,0,1,0,1,0,0,1,1,1,1,1,1,1,0,1,1,1
  449,46,0,0,1,1,0,0,1,1,0,1,1,1,0,1,1,1,0,0,1,1,1,1,0,1,1,1,0,1,0,0,0,0,0,0,0,1,0,1,1,0,0,0,0,0,1,0,0,1,1,0,0,0,0,1,1,0,1,0,1,0,0,1,1,0,0,0,1,0,0,1,0,1,1,0,1,0,0,0,0,1,1,1,1,0,0,0,0,0,0,1,0
  450,23,0,1,1,1,0,0,1,1,0,1,1,1,1,1,0,0,0,1,1,1,0,1,0,1,0,0,0,0,0,1,0,0,0,0,1,0,0,1,1,0,0,0,1,0,0,0,0,1,0,1,0,0,0,1,0,1,0,0,1,0,0,1,1,0,0,1,1,1,0,0,0,1,1,0,0,0,1,1,0,1,1,1,0,0,0,1,0,1,1,1,1
  451,21,0,1,1,1,0,0,1,1,1,1,1,1,1,0,0,0,0,1,0,1,0,0,0,1,0,1,0,1,1,0,0,1,0,0,1,0,0,1,1,1,1,0,1,0,1,0,0,0,1,1,0,1,1,1,1,0,0,1,1,1,1,1,1,0,0,0,0,1,1,0,1,1,1,1,0,1,0,1,0,0,1,0,1,0,1,1,0,1,1,1,1
  452,32,0,1,1,1,0,0,1,0,0,1,0,1,0,1,1,0,1,1,0,1,1,0,0,1,0,1,0,0,0,0,0,0,1,0,1,0,0,1,1,1,1,0,1,0,0,1,0,0,0,0,0,0,1,0,1,1,0,1,0,0,1,1,0,0,0,0,0,1,0,0,1,0,0,1,0,0,0,0,0,0,0,1,1,0,1,0,0,0,1,1,1
  453,31,0,1,1,1,0,0,1,1,1,1,1,1,1,0,0,0,0,1,1,1,1,0,0,0,1,0,0,0,1,1,0,0,0,0,0,0,0,1,0,1,1,0,1,0,1,0,0,0,1,1,0,1,1,0,0,0,1,0,0,0,0,1,0,0,0,0,0,0,0,0,1,1,0,1,0,0,0,0,1,1,0,1,0,0,0,1,0,0,1,1,0
  454,34,0,1,1,1,0,1,1,0,0,1,1,1,1,0,1,1,0,1,1,1,1,1,0,0,0,0,0,1,0,1,1,0,1,0,0,1,1,1,0,1,0,0,0,0,0,0,0,1,0,0,0,0,1,1,0,1,1,1,0,0,0,1,0,0,0,0,1,1,0,0,1,1,0,1,0,0,1,0,1,0,1,1,0,0,1,1,1,0,1,1,1
  455,35,0,0,0,1,0,1,1,0,0,1,0,1,1,1,0,1,0,0,0,1,0,0,0,1,0,0,0,1,0,0,1,0,0,1,0,1,0,0,1,0,0,0,1,0,0,0,1,0,0,0,0,1,0,0,0,1,0,1,1,1,0,0,0,0,0,0,0,0,1,0,0,1,0,0,1,0,0,1,0,0,0,0,0,0,0,1,0,0,0,0,1
  456,32,0,0,1,1,0,0,1,0,0,1,1,1,1,1,1,0,0,1,1,1,1,1,0,1,0,1,0,1,0,1,0,0,1,0,0,1,0,1,1,0,1,1,1,0,0,0,0,1,0,1,0,0,1,1,1,1,0,1,0,0,0,1,0,0,0,0,0,1,0,1,1,1,0,0,0,0,0,0,0,1,1,1,1,0,0,1,1,0,0,1,1
  457,40,0,0,1,1,0,1,1,0,0,1,0,1,1,1,0,0,0,1,0,1,1,1,0,0,0,0,0,0,0,1,0,0,0,0,1,1,0,1,1,0,0,0,1,0,0,1,0,1,1,1,0,0,0,1,0,1,0,0,1,0,0,1,1,0,0,0,0,1,0,0,0,0,1,1,1,0,1,0,1,0,1,1,0,0,1,1,0,1,1,1,1
  458,40,0,0,1,1,1,0,0,0,0,1,1,1,1,1,1,0,0,1,0,0,1,1,0,0,0,0,0,0,0,0,0,0,1,0,0,1,1,1,1,1,1,1,0,0,0,0,0,0,0,0,0,0,1,1,0,1,0,0,0,0,1,1,0,0,0,0,0,1,0,0,1,1,0,0,0,0,0,0,1,0,0,0,0,0,0,1,0,0,1,1,0
  459,37,0,0,1,1,0,0,1,0,0,1,1,1,1,1,1,1,1,1,1,1,0,1,0,1,0,1,0,0,1,0,0,1,1,1,1,1,1,1,1,0,1,0,0,0,1,0,0,0,1,1,0,0,1,1,0,1,0,1,0,1,0,1,0,1,0,0,1,1,0,1,1,1,1,1,0,1,0,1,1,0,1,1,1,0,1,1,1,1,0,1,1
  460,38,0,0,1,1,0,0,1,0,0,1,1,1,1,1,1,0,0,1,0,1,0,1,0,1,0,0,0,1,0,1,0,0,1,0,1,1,0,1,1,0,1,1,1,0,1,1,1,0,0,1,1,1,1,1,0,1,1,1,0,0,0,1,0,0,1,0,0,0,1,1,1,1,1,0,0,1,0,0,1,0,1,0,0,0,1,0,1,0,1,1,1
  461,40,0,1,1,1,0,1,1,1,0,1,0,1,1,1,0,1,0,0,1,1,1,1,0,1,0,0,0,1,1,1,1,1,0,0,1,1,0,1,1,0,0,1,1,0,1,0,0,1,1,1,0,0,0,1,1,1,0,1,1,0,0,1,1,0,0,0,0,1,1,0,1,1,1,1,0,1,1,1,0,0,1,0,0,0,0,0,0,1,1,0,1
  462,29,0,1,1,1,0,1,1,1,0,1,1,0,0,0,0,1,0,1,0,0,0,0,0,0,1,0,0,1,0,0,0,0,1,1,1,0,0,1,1,1,1,0,0,0,1,1,1,1,1,1,0,1,1,1,1,1,1,1,1,0,1,1,0,0,0,0,0,1,0,0,0,1,0,0,1,0,0,0,0,1,1,1,0,0,1,1,0,1,1,1,0
  463,23,0,1,1,1,1,0,1,0,0,1,1,1,0,1,1,0,1,1,0,1,1,1,0,0,1,0,0,0,0,1,0,0,1,1,0,0,0,0,1,1,1,1,1,1,1,1,0,0,1,1,0,1,1,1,0,1,0,1,1,0,1,1,1,1,0,0,0,1,1,1,0,1,1,1,0,1,1,1,0,0,1,0,0,0,1,1,1,1,1,1,1
  464,43,0,1,1,0,0,0,1,1,0,1,1,1,1,1,1,0,0,1,1,1,1,0,0,0,0,0,0,1,0,1,0,1, ,0,1,1,0,1,0,0,0,1,1,0,1,0,0,0,0,1,0,0,1,1,0,1,0,1,1,0,0,1,0,0,1,0,0,0,0,0,0,1,1,0,0,0,0,0,1,0,1,0,1,0,0,1,0,0,1,1,1
  465,30,0,1,1,1,0,0,1,0,0,1,1,1,1,1,1,0,0,1,1,1,0,0,0,1,0,0,1,1,0,1,0,0,1,0,1,1,1,1,1,0,1,1,1,0,0,0,1,0,1,1,0,0,1,1,0,1,1,1,0,0,1,1,1,0,1,0,0,1,1,0,1,1,1,1,0,0,0,0,1,0,1,0,1,0,1,1,1,1,1,1,1
  466,22,0,1,1,1,1,0,1,1,1,0,1,1,1,1,0,1,1,1,1,1,0,1,0,1,1,1,0,1,1,1,0,0,0,0,1,0,0,1,1,1,0,0,1,0,1,0,1,0,0,1,0,0,0,1,0,0,0,1,1,1,1,1,1,1,1,0,1,1,1,1,0,1,0,1,0,0,0,1,0,0,1,1,1,0,1,1,0,0,1,1,1
  467,24,0,1,1,1,1,1,1,1,0,0,1,1,0,1,1,0,0,1,1,1,0,1,0,0,1,1,0,0,1,0,0,0,1,0,1,1,0,1,0,1,1,1,1,0,1,0,0,1,1,1,0,1,1,1,0,1,1,1,1,1,1,1,0,1,1,0,0,0,0,1,0,1,0,1,0,1,0,0,0,0,0,1,1,0,1,1,1,0,1,1,0
  468,18,0,1,1,0,0,0,1,0,1,1,0,1,0,1,1,0,0,1,1,1,0,1,0,0,1,0,0,0,1,1,0,0,0,0,0,0,1,1,1,1,1,0,0,0,1,0,0,0,1,1,0,1,1,1,0,1,0,0,0,1,0,1,0,1,0,0,0,0,1,1,0,1,1,1,0,0,0,0,0,1,1,1,0,0,0,1,0,0,1,0,1
  469,35,0,0,1,1,1,0,1,0,0,1,1,1,1,1,0,0,0,0,0,1,1,1,0,0,0,1,0,1,0,0,1,0,0,0,0,1,1,1,1,0,0,0,0,0,0,0,1,1,0,1,0,0,0,1,0,0,0,1,0,0,0,1,1,0,0,0,0,1,0,1,1,1,0,1,0,0,1,0,1,1,1,1,1,0,0,0,1,1,1,1,1
  470,51,0,1,1,1,0,0,1,1,0,1,1,1,1,1,1,1,0,1,1,1,1,0,0,1,0,1,0,1,0,1,1,0,1,0,0,1,0,1,0,0,1,0,0,0,0,1,1,0,1,1,0,1,1,1,0,1,1,1,1,0,1,1,1,0,1,1,0,1,0,0,1,1,0,0,0,0,0,0,1,0,0,1,0,0,0,0,1,1,1,1,1
  471,28,0,1,1,1,0,1,1,1,1,1,1,1,1,1,1,0,0,1,0,1,0,1,0,1,0,1,0,0,1,0,0,0,0,0,1,0,0,1,0,1,0,0,1,0,1,1,0,0,0,0,0,0,1,1,0,1,0,1,1,1,1,1,0,0,1,0,1,0,0,0,1,1,1,1,0,0,0,1,0,0,1,1,1,1,1,1,0,1,1,1,1
  472,26,0,1,1,1,0,1,1,1,0,1,1,1,0,1,0,0,0,1,0,0,0,0,0,0,0,1,0,0,0,0,0,0,1,0,0,0,1,1,0,0,1,0,0,0,0,0,0,0,0,0,0,0,1,1,1,0,0,1,1,0,1,1,0,0,1,0,0,0,0,0,0,1,0,1,0,0,1,0,0,0,0,1,1,0,1,1,1,0,1,1,1
  473,45,0,1,1,1,0,0,1,0,0,1,1,1,1,1,1,0,0,1,1,0,0,1,0,1,1,0,0,1,0,1,1,0,1,0,1,0,0,1,1,1,0,1,1,0,1,0,0,1,1,1,0,1,1,1,0,1,1,1,0,0,1,1,0,0,1,1,0,1,1,0,1,1,1,1,0,0,0,0,1,1,1,1,1,0,1,1,1,0,1,1,1
  474,22,0,0,1,1,1,0,1,1,1,1,0,1,1,0,1,0,0,1,1,1,0,1,0,0,1,0,0,0,0,1,0,1,1,0,1,1,0,1,1,1,0,1,0,0,1,0,0,1,1,1,0,1,1,1,0,1,1,0,0,1,1,1,0,1,0,0,0,0,1,1,0,1,1,1,0,1,0,0,1,0,1,1,0,0,1,1,0,0,1,1,0
  475,22,0,0,1,1,0,1,1,0,0,1,1,1,0,1,1,0,0,1,1,0,1,1,0,0,0,0,0,1,0,1,0,0,1,0,0,1,1,1,1,0,1,0,0,0,1,0,0,1,1,1,0,0,1,1,1,1,0,0,0,0,1,1,0,1,1,0,0,1,0,0,1,1,0,1,0,0,0,0,0,0,0,0,1,0,1,0,1,0,1,1,1
  476,31,0,0,1,1,0,0,1,1,0,1,0,1,1,1,0,1,1,1,1,1,0,1,0,1,1,1,0,1,1,1,1,0,0,0,1,0,0,1,1,0,1,1,1,0,1,1,0,0,1,1,1,0,1,1,0,1,1,1,1,1,0,1,1,1,0,0,0,1,1,0,1,1,0,1,0,0,0,0,0,0,1,1,0,0,1,1,0,1,1,1,1
  477,28,0,0,1,1,1,1,0,1,1,1,1,1,1,1,0,1,0,1,1,1,0,0,0,1,1,0,0,0,1,1,1,0,0,0,0,0,1,0,1,1,0,0,0,0,1,0,0,0,1,1,0,1,1,1,0,0,1,0,1,1,1,1,1,1,0,1,1,0,1,1,0,1,1,1,0,0,1,0,0,0,1,1,1,1,1,1,1,0,1,0,0
  478,23,0,0,0,1,0,0,1,0,1,0,0,1,0,0,1,0,1,0,1,1,0,1,0,0,1,1,0,0,0,1,0,0,1,0,0,1,1,1,0,1,0,0,0,0,1,0,0,0,1,0,0,0,1,1,0,0,0,1,0,1,0,1,0,1,0,0,1,1,0,0,0,1,0,1,0,0,0,0,0,1,1,1,1,0,0,1,0,0,1,0,1
  479,24,0,1,1,1,1,0,1,1,1,1,0,1,1,1,0,1,0,1,0,0,0,1,0,1,1,1,0,1,0,1,0,1,1,0,1,1,0,1,1,1,0,1,1,0,0,0,0,0,1,0,0,0,0,1,0,0,0,1,0,0,0,1,1,0,0,0,0,1,1,1,1, ,0,1,0,0,0,1,1,0,0,1,0,0,1,1,0,0,1,1,0
  480,25,0,1,1,1,1, ,1,1,1,1,1,1,1,1,1,0,1,1,0,0,1,0,0,0,0,0,0,1,1,0,0,0,1,0,0,0,1,1,0,0,1,0,1,0,1,1,0,0,1,1,0,0,1,1,0,1,1,1,0,0,1,1,0,1,0,0,0,0,0,0,1,1,0,1,1,0,0,0,1,0,1,1,1,0,1,0,1,0,1,1,0
  481,22,0,1,1,0,0,1,1,0,0,0,1,1,0,1,1,0,0,1,1,0,0,0,0,0,1,0,0,0,1,1,0,0,1,0,1,1,0,1,0,0,1,0,0,1,1,0,1,0,0,1,0,1,1,1,1,1,1,1,1,0,1,1,0,0,0,0,1,1,0,0,1,1,1,0,0,0,0,0,1,0,0,1,1,0,1,1,1,1,1,1,1
  482,23,0,1,1,0,0,1,0,0,1,0,1,1,0,1,1,0,0,1,1,1,1,0,0,1,0,1,0,0,1,0,0,0,1,0,0,1,1,1,0,1,1,0,0,0,1,1,0,0,0,1,0,0,1,0,0,0,0,0,0,0,1,1,0,0,1,0,0,0,0,0,1,1,0,1,1,0,0,0,0,0,0,1,1,0,1,1,1,0,1,1,1
  483,23,0,1,1,0,0,0,1,0,0,1,1,1,1,1,1,0,0,1,1,1,1,1,0,0,1,0,0,0,0,1,0,0,1,0,0,1,1,1,1,0,1,0,1,0,0,1,1,1,1,1,0,1,1,1,0,1,1,1,0,0,0,1,0,0,0,0,0,1,0,0,1,1,0,1,0,0,0,0,1,0,1,1,0,0,0,1,1,0,1,1,1
  484,25,0,1,0,1,0,1,1,1,0,1,1,1,0,1,0,0,0,1,1,0,0,1,0,1,0,1,0,1,0,1,0,1,1,0,1,1,1,1,1,1,0,1,1,1,1,1,1,1,1,0,1,0,1,1,1,1,0,0,1,1,0,1,0,1,1,0,0,1,0,1,1,1,1,1,0,1,0,1,0,1,1,1,0,0,1,1,1,1,1,1,1
  485,23,0,0,1,0,0,0,1,0,0,0,1,1,1,1,0,0,1,0,0,1,0,0,0,0,0,0,0,1,0,1,0,0,0,0,0,0,0,1,1,0,0,0,1,0,0,0,0,1,0,1,0,1,1,1,0,1,1,0,1,0,1,1,0,0,0,0,1,1,0,1,0,1,1,1,0,0,0,0,0,0,1,1,1,0,0,0,1,0,1,1,1
  486,24,0,1,1,1,1,0,1,0,0,1,1,1,1,1,1,0,0,1,1,1,0,1,0,0,1,1,0,1,0,0,0,1,0,1,1,0,0,1,1,0,1,0,0,0,0,0,0,1,1,1,0,1,1,1,1,0,0,0,1,0,0,1,0,0,0,0,1,1,0,0,1,1,1,1,0,0,0,0,0,1,1,1,1,0,1,1,1,1,1,1,1
  487,21,0,1,1,1,0,1,1,0,0,1,1,1,0,1,1,1,1,1,1,1,1,1,0,1,0,1,0,1,0,0,0,1,1,0,0,0,1,1,1,0,1,0,1,0,0,1,0,1,0,1,0,1,1,1,0,1,1,1,0,0,1,1,0,0,1,0,1,1,0,0,1,0,0,1,0,1,1,0,1,0,1,1,1,0,0,0,1,0,1,1,1
  488,25,0,0,1,0,0,1,1,0,1,1,1,1,1,1,1,0,1,1,0,1,0,1,0,0,1,0,0,1,0,1,0,1,1,0,1,0,0,1,1,0,1,0,0,0,1,1,0,0,1,0,0,1,1,1,0,1,1,0,1,0,1,1,0,0,0,0,0,1,0,0,1,1,0,1,0,0,0,0,1,1,1,1,0,0,1,1,1,0,0,1,1
  489,40,0,1,1,0,1,0,1,1,1,1,1,1,1,1,1,0,0,1,1,1,1,1,0,0,0,0,0,1,1,0,0,1,1,0,1,1,0,1,1,1,0,0,1,0,0,1,1,1,0,0,0,0,1,1,0,1,1,1,1,0,1,1,0,0,1,0,0,1,1,0,1,1,1,1,0,1,0,0,0,1,1,1,0,0,0,0,1,1,0,1,1
  490,40,0,0,1,0,1,0,1,1,1,1,1,1,1,1,0,0,0,1,1,1,1,1,0,0,0,0,0,0,0,1,0,1,0,0,1,1,0,1,1,1,0,0,1,0,1,0,0,0,0,0,0,0,1,1,1,1,0,1,1,0,1,1,1,0,0,0,0,1,0,0,1,1,1,0,0,1,0,0,1,0,1,1,0,1,0,1,1,1,0,1,1
  491,41,0,1,1,0,0,0,0,0,0,1,1,1,1,1,0,0,0,1,1,1,1,0,0,0,0,1,0,0,0,0,0,1,1,0,1,1,1,1,1,0,1,0,0,0,0,1,0,1,0,1,0,1,1,1,0,1,1,0,0,0,1,1,0,0,1,0,0,0,0,1,1,1,1,0,0,0,0,0,0,0,1,0,0,0,1,0,1,0,1,1,0
  492,41,0,0,0,1,0,1,1,0,0,1,0,1,1,1,1,1,0,1,1,1,0,1,0,1,0,0,0,1,1,0,0,1,0,0,1,0,0,1,1,0,1,1,1,0,1,1,0,0,1,1,0,0,1,1,1,1,0,1,0,0,0,1,0,0,0,0,0,0,1,0,0,1,1,1,0,1,0,0,1,0,1,0,1,0,1,1,0,1,1,1,1
  493,51,0,0,1,0,0,0,1,0,0,1,0,1,0,0,0,1,0,0,0,1,0,1,0,0,0,0,0,0,0,1,0,0,1,0,1,1,0, ,1,0,1,0,1,0,0,0,0,0,1,1,0,0,0,1,0,1,0,1,0,0,0,1,0,0,0,0,0,0,1,0,0,1,0,1,0,0,0,0,1,0,1,1,0,0,0,1,0,0,1,1,1
  494,52,0,1,1,0,0,0,1,0,1,1,0,1,1,1,0,0,0,1,1,1,1,1,0,1,0,0,0,0,0,1,0,0,0,0,0,1,1,1,1,1,0,0,1,0,1,0,0,0,1,1,1,0,1,1,0,1,1,1,1,1,1,1,1,0,0,0,0,1,0,0,0,1,1,1,1,0,0,0,1,0,1,1,1,0,1,1,0,0,1,1,1
  495,38,0,0,0,0,0,1,1,1,1,1,1,1,1,1,1,0,0,1,1,0,0,1,0,0,1,1,0,1,1,0,0,0,1,0,1,0,0,1,1,1,1,0,0,0,1,0,0,0,1,1,0,1,1,1,0,1,1,1,0,0,1,1,0,1,1,0,1,0,0,1,0,1,1,1,1,0,0,0,0,0,1,1,1,0,0,1,1,0,1,1,1
  496,35,0,1,0,1,0,1,1,1,1,1,1,1,1,1,1,1,0,1,1,1,1,0,0,0,0,1,0,1,1,0,0,0,1,0,1,1,1,1,0,0,1,0,1,1,1,1,0,1,0,1,1,0,1,0,1,1,0,1,1,0,0,1,1,0,0,1,0,1,0,0,1,1,0,1,0,0,0,1,1,0,1,1,1,0,1,1,1,1,1,1,1
  497,23,0,1,1,0,0,1,0,1,0,1,0,1,1,0,0,0,1,1,1,1,0,1,0,0,1,0,0,0,0,1,0,0,0,0,0,0,0,0,1,1,0,0,1,0,1,1,0,1,0,0,0,1,1,1,0,1,0,0,0,0,0,1,0,0,0,0,0,1,1,0,0,0,0,1,0,0,0,0,0,1,1,1,0,0,1,1,0,0,1,0,1
  498,41,0,1,1,0,0,1,1,0,0,1,0,1,0,1,1,1,0,1,1,0,1,0,0,0,0,1,0,1,0,1,0,0,1,0,0,1,0,1,0,0,1,0,1,1,1,1,0,1,1,1,1,0,1,1,1,1,0,1,1,0,0,1,0,0,0,0,0,1,0,0,1,1,0,0,0,0,0,1,1,0,0,0,0,0,0,1,0,1,0,1,1
  499,37,0,0,1,1,0,0,1,0,0,1,1,1,1,1,0,0,1,1,1,1,0,1,0,0,0,0,0,0,1,1,0,1,1,0,1,0,0,1,1,1,0,0,1,0,0,0,0,1,1,0,0,0,0,1,0,1,0,1,0,0,0,1,0,0,0,0,0,1,1,0,1,1,0,1,0,0,0,0,1,1,1,1,0,0,1,1,0,0,1,1,1
  500,36,0,0,1,1,1,0,1,0,0,1,1,1,1,1,0,0,0,0,1,0,0,1,0,0,0,0,1,1,0,0,0,0,0,1,1,0,0,1,1,1,0,0,1,0,0,0,0,0,0,0,0,0,0,0,0,1,0,1,0,0,0,1,1,0,0,0,0,0,0,0,1,1,0,1,0,0,0,0,0,0,1,1,0,0,0,0,0,0,1,1,1
  501,26,0,1,1,1,1,1,1,1,1,1,1,1,1,1,1,1,1,0,0,1,0,0,0,1,0,1,0,0,1,1,0,0,1,0,0,0,1,1,1,0,0,0,1,0,1,0,0,0,1,1,0,0,0,0,0,0,1,0,0,1,0,1,0,1,0,0,1,1,1,1,0,1,1,1,0,0,0,0,1,0,1,1,0,0,1,1,1,0,1,1,0
  502,25,0,1,1,1,1,1,1,1,0,1,1,1,1,1,1,0,0,0,0,1,0,0,0,0,0,0,0,0,1,1,0,0,1,0,0,0,1,1,1,0,0,0,0,0,1,0,0,0,1,1,0,0,0,1,1,1,1,1,0,1,0,1,0,0,0,0,1,1,1,1,0,1,1,1,0,0,0,0,1,0,1,1,1,1,1,1,1,0,1,1,1
  503,20,0,1,1,1,1,1,1,1,1,1,1,1,1,1,1,0,1,0,0,1,0,1,0,1,0,1,0,0,1,1,0,0,1,0,0,0,1,1,1,1,0,0,1,0,1,0,0,0,0,0,0,0,0,1,0,1,1,0,0,0,0,1,0,1,1,0,0,0,0,1,0,1,0,1,0,0,0,0,0,0,1,1,1,0,1,1,1,1,1,1,1
